timestamp,open,high,low,close,volume,turnover
2025-06-11 13:36:00,109480.1,109853.2,109452.1,109853.1,38.792301,4253328.03174951
2025-06-11 13:33:00,109422.2,109480.1,109312.2,109480.1,68.570483,7500301.3466137
2025-06-11 13:30:00,109800.0,109806.4,109313.7,109422.2,84.95883,9305534.9792405
2025-06-11 13:27:00,109848.1,109879.9,109800.0,109800.0,19.286586,2118558.3253025
2025-06-11 13:24:00,109764.7,109848.1,109764.7,109848.1,8.521611,935687.0163571
2025-06-11 13:21:00,109771.0,109775.0,109734.9,109764.7,10.544069,1157276.2264055
2025-06-11 13:18:00,109742.7,109771.0,109727.3,109771.0,8.84201,970332.1152547
2025-06-11 13:15:00,109614.4,109742.7,109594.8,109742.7,12.747509,1397960.2639326
2025-06-11 13:12:00,109635.0,109653.0,109600.0,109614.4,6.209502,680774.1089731
2025-06-11 13:09:00,109656.8,109727.6,109613.1,109635.0,14.121812,1548739.6122331
2025-06-11 13:06:00,109678.5,109678.5,109602.8,109656.8,17.956112,1968714.1699795
2025-06-11 13:03:00,109555.9,109718.1,109547.6,109678.5,28.317283,3103630.964732
2025-06-11 13:00:00,109711.1,109742.8,109543.4,109555.9,21.80263,2390685.875955
2025-06-11 12:57:00,109618.7,109716.6,109600.6,109711.1,11.55238,1266765.1921383
2025-06-11 12:54:00,109581.8,109673.2,109563.0,109618.7,14.112482,1546815.1878134
2025-06-11 12:51:00,109625.2,109697.1,109573.8,109581.8,21.308897,2335843.5806696
2025-06-11 12:48:00,109808.2,109808.3,109556.9,109625.2,30.22364,3314235.5816788
2025-06-11 12:45:00,109815.0,109820.0,109658.0,109808.2,36.743529,4031885.00161
2025-06-11 12:42:00,109723.6,109838.5,109708.0,109815.0,25.088525,2754102.8491968
2025-06-11 12:39:00,109549.2,109740.0,109500.1,109723.6,79.419678,8705069.0304105
2025-06-11 12:36:00,109700.0,109742.1,109490.3,109549.2,76.666958,8404141.46809268
2025-06-11 12:33:00,109790.5,109834.9,109624.7,109700.0,88.552826,9716322.11695396
2025-06-11 12:30:00,109278.4,109934.1,109278.4,109790.5,231.467028,25396254.23941589
2025-06-11 12:27:00,109162.7,109278.4,109162.6,109278.4,23.007351,2512896.2450289
2025-06-11 12:24:00,109123.5,109162.7,109094.0,109162.7,28.61049,3122239.905787
2025-06-11 12:21:00,109168.4,109168.5,109012.4,109123.5,58.102513,6338102.59242438
2025-06-11 12:18:00,109167.2,109187.1,109143.1,109168.4,6.644674,725351.3661156
2025-06-11 12:15:00,109379.2,109379.2,109140.6,109167.2,21.596644,2359608.2499489
2025-06-11 12:12:00,109468.0,109470.8,109361.4,109379.2,21.930141,2399603.6621729
2025-06-11 12:09:00,109291.8,109468.1,109291.8,109468.0,19.400585,2121568.9144153
2025-06-11 12:06:00,109295.4,109353.7,109148.3,109291.8,28.508037,3114407.7540858
2025-06-11 12:03:00,109221.5,109379.1,109146.2,109295.4,128.661443,14057530.73880574
2025-06-11 12:00:00,109250.1,109277.2,109221.5,109221.5,28.226786,3083861.5911431
2025-06-11 11:57:00,109270.9,109280.2,109250.0,109250.1,15.274957,1668941.3153391
2025-06-11 11:54:00,109220.2,109280.2,109220.1,109270.9,12.632642,1379971.6932516
2025-06-11 11:51:00,109209.0,109220.2,109208.9,109220.2,7.650965,835560.3164836
2025-06-11 11:48:00,109217.9,109225.5,109209.0,109209.0,4.712325,514673.2893397
2025-06-11 11:45:00,109235.3,109244.2,109217.9,109217.9,3.445213,376348.26005
2025-06-11 11:42:00,109205.1,109237.3,109200.0,109235.3,17.629677,1925625.0120746
2025-06-11 11:39:00,109253.8,109253.9,109191.5,109205.1,30.985321,3383926.6496337
2025-06-11 11:36:00,109271.3,109293.5,109228.1,109253.8,12.676299,1385079.9418422
2025-06-11 11:33:00,109304.4,109304.4,109265.3,109271.3,4.821509,526891.9972335
2025-06-11 11:30:00,109263.5,109312.9,109263.5,109304.4,5.687443,621612.7425649
2025-06-11 11:27:00,109226.7,109263.6,109226.7,109263.5,8.398415,917449.4503217
2025-06-11 11:24:00,109232.2,109258.3,109226.7,109226.7,11.143742,1217307.5641223
2025-06-11 11:21:00,109281.2,109281.2,109232.2,109232.2,6.119409,668544.5175012
2025-06-11 11:18:00,109229.1,109281.2,109229.0,109281.2,6.730724,735398.3062754
2025-06-11 11:15:00,109304.2,109322.5,109229.0,109229.1,11.661114,1274287.1699909
2025-06-11 11:12:00,109340.2,109340.3,109301.3,109304.2,4.411924,482317.6845594
2025-06-11 11:09:00,109293.8,109340.3,109278.3,109340.2,17.571089,1920514.2155689
2025-06-11 11:06:00,109331.7,109331.8,109287.0,109293.8,11.184324,1222694.4274054
2025-06-11 11:03:00,109385.9,109386.0,109326.5,109331.7,3.581556,391682.0160411
2025-06-11 11:00:00,109369.9,109386.0,109340.3,109385.9,10.334002,1130195.0481457
2025-06-11 10:57:00,109381.6,109383.1,109362.3,109369.9,3.016486,329920.6208581
2025-06-11 10:54:00,109385.7,109385.7,109352.2,109381.6,3.551828,388474.3866477
2025-06-11 10:51:00,109392.0,109401.4,109375.6,109385.7,7.621759,833711.5307277
2025-06-11 10:48:00,109397.0,109479.8,109391.2,109392.0,25.685275,2810768.0725883
2025-06-11 10:45:00,109300.6,109399.9,109300.6,109397.0,6.653328,727623.0862285
2025-06-11 10:42:00,109316.7,109316.8,109212.1,109300.6,19.327638,2111921.3438572
2025-06-11 10:39:00,109343.5,109343.6,109300.0,109316.7,4.116745,450034.2566323
2025-06-11 10:36:00,109324.3,109345.8,109314.7,109343.5,6.061013,662626.5524412
2025-06-11 10:33:00,109329.1,109342.3,109322.7,109324.3,4.161085,454933.5519453
2025-06-11 10:30:00,109311.5,109333.9,109302.1,109329.1,3.006968,328726.3166573
2025-06-11 10:27:00,109275.2,109314.8,109263.0,109311.5,5.639059,616254.1975266
2025-06-11 10:24:00,109306.9,109307.0,109238.8,109275.2,8.615245,941357.9259732
2025-06-11 10:21:00,109294.7,109312.1,109267.3,109306.9,5.341745,583778.2515136
2025-06-11 10:18:00,109306.5,109312.8,109271.7,109294.7,5.355432,585334.164015
2025-06-11 10:15:00,109271.1,109318.2,109244.8,109306.5,8.274427,904372.1714978
2025-06-11 10:12:00,109314.4,109320.8,109262.6,109271.1,10.185868,1113168.4010347
2025-06-11 10:09:00,109344.8,109345.8,109299.7,109314.4,8.47171,926165.9968175
2025-06-11 10:06:00,109245.5,109380.2,109214.3,109344.8,25.30544,2765810.2024319
2025-06-11 10:03:00,109229.7,109281.8,109184.9,109245.5,13.950348,1523798.77098365
2025-06-11 10:00:00,109258.4,109296.3,109229.7,109229.7,7.51303,821028.5908083
2025-06-11 09:57:00,109256.3,109263.7,109225.8,109258.4,11.156465,1218813.1162986
2025-06-11 09:54:00,109236.8,109291.8,109213.9,109256.3,33.599965,3671038.19173413
2025-06-11 09:51:00,109281.2,109291.0,109229.6,109236.8,17.862332,1951747.33955264
2025-06-11 09:48:00,109238.1,109281.2,109231.0,109281.2,17.166031,1875473.4330959
2025-06-11 09:45:00,109276.5,109276.5,109231.1,109238.1,27.757645,3032553.89351696
2025-06-11 09:42:00,109280.7,109288.9,109273.7,109276.5,8.450329,923450.4904667
2025-06-11 09:39:00,109305.1,109319.3,109257.0,109280.7,16.429186,1795460.84801928
2025-06-11 09:36:00,109369.5,109369.6,109303.9,109305.1,13.519064,1478000.90979075
2025-06-11 09:33:00,109412.9,109429.6,109369.5,109369.5,5.249361,574252.7080281
2025-06-11 09:30:00,109466.9,109467.1,109375.5,109412.9,9.957059,1089469.1318722
2025-06-11 09:27:00,109461.1,109468.8,109458.0,109466.9,3.579503,391824.0006351
2025-06-11 09:24:00,109526.8,109526.9,109453.1,109461.1,8.457342,925841.2616053
2025-06-11 09:21:00,109565.6,109565.7,109506.0,109526.8,4.434215,485698.9329298
2025-06-11 09:18:00,109533.0,109565.6,109459.6,109565.6,11.931837,1306648.7301878
2025-06-11 09:15:00,109488.2,109541.2,109488.1,109533.0,3.326092,364303.7368523
2025-06-11 09:12:00,109469.0,109530.8,109455.3,109488.2,10.836996,1186587.3715056
2025-06-11 09:09:00,109440.5,109490.1,109424.6,109469.0,6.437961,704706.4075217
2025-06-11 09:06:00,109474.3,109502.8,109440.5,109440.5,7.991611,874819.0051043
2025-06-11 09:03:00,109455.1,109477.5,109426.5,109474.3,10.704838,1171687.0999044
2025-06-11 09:00:00,109562.8,109602.8,109440.3,109455.1,24.058732,2635085.8528802
2025-06-11 08:57:00,109592.5,109616.5,109558.5,109562.8,6.201033,679559.0036885
2025-06-11 08:54:00,109592.0,109631.3,109592.0,109592.5,5.704325,625218.3959174
2025-06-11 08:51:00,109498.6,109592.1,109498.6,109592.0,11.840358,1297133.882683
2025-06-11 08:48:00,109579.6,109620.3,109498.6,109498.6,10.041742,1100255.7890145
2025-06-11 08:45:00,109577.4,109586.0,109541.3,109579.6,13.081086,1433195.2191797
2025-06-11 08:42:00,109618.7,109618.7,109572.2,109577.4,5.661794,620472.1068236
2025-06-11 08:39:00,109578.7,109649.1,109559.9,109618.7,7.43679,815013.7726762
2025-06-11 08:36:00,109619.9,109663.3,109559.8,109578.7,10.802657,1184076.1567193
2025-06-11 08:33:00,109608.6,109632.2,109572.0,109619.9,9.998368,1095837.3098725
2025-06-11 08:30:00,109533.1,109622.2,109533.0,109608.6,9.010384,987472.3433491
2025-06-11 08:27:00,109542.9,109581.6,109527.8,109533.1,7.911804,866761.7465231
2025-06-11 08:24:00,109476.5,109550.7,109476.4,109542.9,3.81543,417810.8692806
2025-06-11 08:21:00,109503.8,109549.2,109473.8,109476.5,10.802258,1182809.2655539
2025-06-11 08:18:00,109503.1,109503.8,109440.3,109503.8,17.013581,1862721.1312209
2025-06-11 08:15:00,109550.1,109581.9,109494.1,109503.1,5.397051,591129.8565914
2025-06-11 08:12:00,109558.7,109584.4,109547.9,109550.1,7.059997,773517.3390139
2025-06-11 08:09:00,109525.5,109584.7,109482.8,109558.7,17.883374,1958932.7774615
2025-06-11 08:06:00,109536.2,109542.8,109476.0,109525.5,9.602745,1051721.4833029
2025-06-11 08:03:00,109491.6,109547.7,109475.7,109536.2,11.702973,1281538.7329626
2025-06-11 08:00:00,109433.4,109519.6,109433.4,109491.6,9.818999,1074940.1737975
2025-06-11 07:57:00,109454.2,109455.0,109427.9,109433.4,5.493561,601231.4415544
2025-06-11 07:54:00,109483.2,109494.7,109454.1,109454.2,7.917079,866741.8171999
2025-06-11 07:51:00,109516.4,109554.1,109463.1,109483.2,9.213397,1009005.7020635
2025-06-11 07:48:00,109492.4,109580.3,109466.0,109516.4,16.604955,1818805.6206862
2025-06-11 07:45:00,109497.7,109497.8,109492.3,109492.4,2.719141,297731.1251312
2025-06-11 07:42:00,109504.8,109504.8,109497.7,109497.7,2.774771,303839.214665
2025-06-11 07:39:00,109554.4,109557.8,109488.6,109504.8,7.255657,794726.6790676
2025-06-11 07:36:00,109501.5,109560.8,109483.9,109554.4,5.391413,590463.290297
2025-06-11 07:33:00,109574.7,109575.7,109491.4,109501.5,15.810829,1731734.1133057
2025-06-11 07:30:00,109574.2,109615.7,109543.6,109574.7,10.333099,1132250.7276129
2025-06-11 07:27:00,109545.0,109587.1,109542.0,109574.2,11.765021,1288992.4328278
2025-06-11 07:24:00,109604.7,109607.7,109534.4,109545.0,16.039038,1757574.3988531
2025-06-11 07:21:00,109612.5,109640.0,109604.7,109604.7,12.908807,1415154.2704776
2025-06-11 07:18:00,109647.9,109647.9,109593.2,109612.5,10.595066,1161456.4369283
2025-06-11 07:15:00,109677.7,109678.6,109622.3,109647.9,15.323111,1680169.483612
2025-06-11 07:12:00,109640.1,109701.1,109640.1,109677.7,8.455734,927427.3077807
2025-06-11 07:09:00,109584.4,109660.4,109569.0,109640.1,5.472265,599810.5200368
2025-06-11 07:06:00,109669.0,109669.0,109573.1,109584.4,9.53994,1045637.1891978
2025-06-11 07:03:00,109664.6,109724.6,109656.2,109669.0,28.143514,3087065.2652058
2025-06-11 07:00:00,109584.8,109674.2,109584.7,109664.6,4.485663,491823.3319855
2025-06-11 06:57:00,109615.9,109673.2,109576.5,109584.8,12.411769,1360754.1054907
2025-06-11 06:54:00,109493.4,109616.0,109493.4,109615.9,7.771397,851349.420649
2025-06-11 06:51:00,109455.4,109515.0,109452.1,109493.4,27.567554,3018313.8602477
2025-06-11 06:48:00,109370.0,109457.2,109361.4,109455.4,60.514552,6620808.8181022
2025-06-11 06:45:00,109448.9,109448.9,109369.9,109370.0,5.603841,613070.9928006
2025-06-11 06:42:00,109441.4,109455.7,109435.5,109448.9,13.102758,1434086.8834765
2025-06-11 06:39:00,109441.6,109461.8,109441.4,109441.4,5.633706,616610.23678
2025-06-11 06:36:00,109434.9,109441.6,109379.0,109441.6,16.609681,1817377.5418716
2025-06-11 06:33:00,109416.1,109464.8,109407.6,109434.9,10.263997,1123243.6071503
2025-06-11 06:30:00,109448.8,109448.8,109375.8,109416.1,8.37173,915990.06408124
2025-06-11 06:27:00,109501.2,109501.2,109405.5,109448.8,5.925313,648446.32907271
2025-06-11 06:24:00,109558.1,109563.5,109501.1,109501.2,4.012685,439578.2065825
2025-06-11 06:21:00,109509.8,109589.1,109509.7,109558.1,10.608319,1162017.3055289
2025-06-11 06:18:00,109541.8,109541.8,109478.4,109509.8,8.814861,965227.053564
2025-06-11 06:15:00,109560.4,109560.5,109541.8,109541.8,5.623807,616116.6001042
2025-06-11 06:12:00,109599.9,109599.9,109560.4,109560.4,4.858167,532338.6947047
2025-06-11 06:09:00,109548.3,109600.0,109548.2,109599.9,9.134798,1000961.4061986
2025-06-11 06:06:00,109566.3,109579.9,109546.0,109548.3,7.612962,834068.0315324
2025-06-11 06:03:00,109581.9,109585.1,109549.6,109566.3,3.580617,392325.3267157
2025-06-11 06:00:00,109474.4,109582.0,109474.4,109581.9,4.058157,444407.8277293
2025-06-11 05:57:00,109537.9,109537.9,109474.3,109474.4,5.882526,644150.2857185
2025-06-11 05:54:00,109534.6,109541.2,109516.9,109537.9,3.102794,339846.1775623
2025-06-11 05:51:00,109510.8,109554.4,109507.2,109534.6,3.988095,436815.7194316
2025-06-11 05:48:00,109471.2,109510.9,109452.1,109510.8,13.574957,1486342.3891264
2025-06-11 05:45:00,109510.4,109528.9,109471.2,109471.2,7.037904,770761.9678809
2025-06-11 05:42:00,109502.8,109521.8,109485.2,109510.4,7.12447,780162.7821556
2025-06-11 05:39:00,109540.0,109540.0,109502.7,109502.8,2.35399,257801.6906288
2025-06-11 05:36:00,109542.9,109562.1,109523.1,109540.0,7.759056,849955.7381276
2025-06-11 05:33:00,109577.4,109582.7,109517.9,109542.9,11.051626,1210633.8852932
2025-06-11 05:30:00,109637.6,109643.2,109577.4,109577.4,2.803544,307272.4252337
2025-06-11 05:27:00,109652.2,109665.8,109622.6,109637.6,4.237503,464616.1675431
2025-06-11 05:24:00,109491.9,109652.2,109483.5,109652.2,13.673048,1497881.5329535
2025-06-11 05:21:00,109469.9,109496.8,109469.9,109491.9,6.297861,689527.4128418
2025-06-11 05:18:00,109466.7,109470.0,109428.8,109469.9,11.68477,1278906.01454228
2025-06-11 05:15:00,109486.8,109507.5,109464.0,109466.7,7.59485,831481.8627248
2025-06-11 05:12:00,109524.1,109524.2,109464.0,109486.8,4.663356,510545.23247334
2025-06-11 05:09:00,109494.7,109539.7,109481.6,109524.1,6.069149,664654.63142815
2025-06-11 05:06:00,109528.5,109542.1,109492.0,109494.7,4.065476,445251.80339322
2025-06-11 05:03:00,109559.7,109564.2,109513.5,109528.5,6.234429,682868.26939504
2025-06-11 05:00:00,109571.5,109583.6,109559.0,109559.7,6.411833,702566.2370039
2025-06-11 04:57:00,109589.2,109589.2,109563.5,109571.5,2.390779,261957.9687227
2025-06-11 04:54:00,109582.1,109594.3,109572.7,109589.2,3.492376,382699.5493544
2025-06-11 04:51:00,109574.2,109583.6,109556.8,109582.1,3.015778,330443.877963
2025-06-11 04:48:00,109597.3,109597.3,109574.2,109574.2,6.294348,689797.9016759
2025-06-11 04:45:00,109599.5,109603.0,109550.7,109597.3,6.00378,657882.249858
2025-06-11 04:42:00,109637.7,109637.7,109597.6,109599.5,5.688269,623451.3582088
2025-06-11 04:39:00,109639.5,109639.5,109637.6,109637.7,0.521279,57152.5240276
2025-06-11 04:36:00,109698.9,109698.9,109635.6,109639.5,1.925631,211163.9893284
2025-06-11 04:33:00,109728.7,109736.7,109694.5,109698.9,2.694058,295571.922799
2025-06-11 04:30:00,109680.0,109728.8,109661.2,109728.7,4.391549,481691.2206183
2025-06-11 04:27:00,109609.5,109683.2,109591.5,109680.0,10.466349,1147297.1703146
2025-06-11 04:24:00,109652.2,109671.7,109609.5,109609.5,5.798091,635699.7695694
2025-06-11 04:21:00,109638.0,109652.2,109634.5,109652.2,3.894976,427056.6103887
2025-06-11 04:18:00,109595.1,109646.9,109595.0,109638.0,3.550196,389203.8084241
2025-06-11 04:15:00,109593.8,109645.8,109582.7,109595.1,12.881452,1412015.0406705
2025-06-11 04:12:00,109616.3,109616.3,109580.1,109593.8,1.538028,168549.1555515
2025-06-11 04:09:00,109619.2,109646.2,109611.2,109616.3,7.798997,855039.7307092
2025-06-11 04:06:00,109612.7,109619.2,109576.9,109619.2,15.982339,1751616.8635336
2025-06-11 04:03:00,109705.6,109705.6,109612.7,109612.7,7.13442,782360.4732562
2025-06-11 04:00:00,109716.3,109739.5,109701.5,109705.6,4.483296,491916.3008849
2025-06-11 03:57:00,109694.4,109730.8,109690.8,109716.3,11.922745,1308044.1434923
2025-06-11 03:54:00,109719.9,109730.5,109694.4,109694.4,5.851371,642055.6294661
2025-06-11 03:51:00,109667.4,109758.4,109659.9,109719.9,9.223137,1012181.8965713
2025-06-11 03:48:00,109661.8,109700.0,109640.3,109667.4,21.666999,2376350.6769492
2025-06-11 03:45:00,109640.5,109661.8,109612.6,109661.8,7.029985,770721.0508279
2025-06-11 03:42:00,109654.9,109660.8,109620.9,109640.5,11.433443,1253596.4017779
2025-06-11 03:39:00,109757.0,109757.0,109654.9,109654.9,1.613354,176982.3643624
2025-06-11 03:36:00,109768.9,109824.5,109751.6,109757.0,7.333275,805091.0938278
2025-06-11 03:33:00,109794.1,109800.4,109763.5,109768.9,4.350213,477606.952231
2025-06-11 03:30:00,109764.1,109794.1,109743.9,109794.1,21.19147,2325949.2270302
2025-06-11 03:27:00,109777.5,109781.6,109750.7,109764.1,7.023515,771006.3641109
2025-06-11 03:24:00,109867.0,109867.0,109777.5,109777.5,10.532491,1156810.1255762
2025-06-11 03:21:00,109756.5,109867.1,109756.4,109867.0,8.129959,892764.3595236
2025-06-11 03:18:00,109719.6,109764.7,109719.1,109756.5,3.695106,405494.7798874
2025-06-11 03:15:00,109797.2,109797.2,109719.6,109719.6,3.147725,345512.314775
2025-06-11 03:12:00,109759.5,109797.2,109751.5,109797.2,2.794175,306698.1673508
2025-06-11 03:09:00,109704.7,109781.8,109704.7,109759.5,6.055046,664603.5747351
2025-06-11 03:06:00,109726.3,109734.9,109696.7,109704.7,3.297424,361764.2086838
2025-06-11 03:03:00,109688.3,109731.5,109688.3,109726.3,1.728031,189582.2275279
2025-06-11 03:00:00,109676.6,109709.6,109653.0,109688.3,5.344185,586183.7231716
2025-06-11 02:57:00,109655.7,109682.0,109646.7,109676.6,5.431608,595695.2370566
2025-06-11 02:54:00,109624.2,109666.4,109624.1,109655.7,4.641337,508935.5273761
2025-06-11 02:51:00,109618.1,109630.4,109589.1,109624.2,3.191886,349878.978539
2025-06-11 02:48:00,109566.7,109629.2,109566.7,109618.1,9.696554,1062710.0032801
2025-06-11 02:45:00,109596.5,109603.1,109534.0,109566.7,8.246396,903505.3750263
2025-06-11 02:42:00,109664.9,109664.9,109596.5,109596.5,5.773547,633063.4472634
2025-06-11 02:39:00,109649.7,109666.2,109623.6,109664.9,6.220551,682093.7776359
2025-06-11 02:36:00,109594.8,109649.8,109594.7,109649.7,3.019181,330961.0375804
2025-06-11 02:33:00,109564.1,109647.6,109564.0,109594.8,7.314443,801798.8023398
2025-06-11 02:30:00,109579.0,109584.5,109539.7,109564.1,4.552897,498813.1091739
2025-06-11 02:27:00,109582.4,109584.3,109556.7,109579.0,2.681351,293808.5331971
2025-06-11 02:24:00,109544.1,109585.2,109544.1,109582.4,4.065393,445424.4581063
2025-06-11 02:21:00,109582.4,109582.4,109533.2,109544.1,7.607787,833535.13726374
2025-06-11 02:18:00,109680.3,109680.3,109576.7,109582.4,5.744504,629733.9325737
2025-06-11 02:15:00,109749.0,109788.7,109680.2,109680.3,7.071707,776128.6170022
2025-06-11 02:12:00,109716.6,109749.0,109709.0,109749.0,7.85356,861695.4929145
2025-06-11 02:09:00,109825.0,109850.7,109716.6,109716.6,6.055498,664965.9241123
2025-06-11 02:06:00,109681.9,109825.0,109681.9,109825.0,13.782902,1513016.9183332
2025-06-11 02:03:00,109676.7,109687.6,109643.1,109681.9,4.581575,502482.5680088
2025-06-11 02:00:00,109598.1,109676.8,109583.5,109676.7,7.384018,809565.5959007
2025-06-11 01:57:00,109574.8,109620.7,109559.4,109598.1,3.983806,436583.7400918
2025-06-11 01:54:00,109638.5,109657.1,109556.3,109574.8,8.622937,945175.01959042
2025-06-11 01:51:00,109642.1,109690.3,109570.0,109638.5,11.3932,1249053.57988188
2025-06-11 01:48:00,109644.7,109683.0,109601.2,109642.1,6.013694,659344.7696148
2025-06-11 01:45:00,109690.3,109704.2,109611.1,109644.7,9.240032,1013156.1027953
2025-06-11 01:42:00,109640.6,109690.3,109595.9,109690.3,11.473274,1257905.139339
2025-06-11 01:39:00,109612.5,109683.2,109611.4,109640.6,8.087613,886842.6658646
2025-06-11 01:36:00,109638.8,109655.7,109607.7,109612.5,6.664019,730598.6314944
2025-06-11 01:33:00,109687.1,109696.7,109593.1,109638.8,10.549828,1156686.909273
2025-06-11 01:30:00,109724.7,109724.7,109634.9,109687.1,9.65709,1059151.5308451
2025-06-11 01:27:00,109621.0,109740.3,109586.5,109724.7,16.413478,1800198.6754999
2025-06-11 01:24:00,109590.8,109636.0,109572.7,109621.0,19.592354,2147544.32618818
2025-06-11 01:21:00,109681.8,109681.8,109590.7,109590.8,19.308611,2116548.31767749
2025-06-11 01:18:00,109654.9,109716.6,109647.6,109681.8,11.68741,1281968.27399612
2025-06-11 01:15:00,109817.1,109833.6,109654.8,109654.9,11.440224,1255645.7431371
2025-06-11 01:12:00,109707.0,109817.2,109667.0,109817.1,8.247204,904971.8750705
2025-06-11 01:09:00,109721.2,109739.9,109666.0,109707.0,11.353997,1245496.98633125
2025-06-11 01:06:00,109727.8,109753.4,109694.0,109721.2,15.372451,1686752.48341006
2025-06-11 01:03:00,109821.5,109821.5,109725.4,109727.8,6.639076,728824.3800436
2025-06-11 01:00:00,109826.7,109836.2,109770.0,109821.5,20.262751,2224801.706757
2025-06-11 00:57:00,109926.1,109929.1,109778.6,109826.7,20.055564,2202533.3801694
2025-06-11 00:54:00,109929.2,109946.7,109926.0,109926.1,3.796712,417398.355112
2025-06-11 00:51:00,110027.1,110027.1,109914.2,109929.2,9.363729,1029582.1322029
2025-06-11 00:48:00,110016.9,110048.7,109990.5,110027.1,8.771037,965094.2449143
2025-06-11 00:45:00,109909.5,110017.0,109895.2,110016.9,7.750016,851893.0928697
2025-06-11 00:42:00,109914.4,109926.9,109867.5,109909.5,7.27789,799832.8084836
2025-06-11 00:39:00,109911.0,109982.7,109890.3,109914.4,12.791325,1406334.103108
2025-06-11 00:36:00,109949.3,110066.2,109911.0,109911.0,10.115796,1112775.3130417
2025-06-11 00:33:00,109850.8,109949.3,109814.6,109949.3,16.441765,1806561.694309
2025-06-11 00:30:00,109844.6,109860.5,109828.6,109850.8,8.135802,893650.4936435
2025-06-11 00:27:00,109909.6,109959.3,109835.8,109844.6,14.725436,1618568.6675121
2025-06-11 00:24:00,109859.0,109912.4,109814.6,109909.6,14.233358,1563571.6272997
2025-06-11 00:21:00,109894.5,109918.5,109815.7,109859.0,20.666498,2270446.33201554
2025-06-11 00:18:00,110080.3,110080.3,109894.5,109894.5,26.044722,2864149.65701211
2025-06-11 00:15:00,109983.6,110140.1,109983.6,110080.3,29.089603,3202292.4117716
2025-06-11 00:12:00,110134.9,110139.3,109963.6,109983.6,25.647086,2821720.3487188
2025-06-11 00:09:00,110194.0,110194.0,110111.5,110134.9,8.719338,960377.8949056
2025-06-11 00:06:00,110200.7,110209.9,110113.4,110194.0,17.770541,1957678.5853063
2025-06-11 00:03:00,110221.7,110253.6,110200.7,110200.7,15.540848,1713088.3675933
2025-06-11 00:00:00,110280.5,110287.1,110211.3,110221.7,20.638022,2275350.9097157
2025-06-10 23:57:00,110251.4,110295.7,110236.6,110280.5,14.72915,1624023.0563726
2025-06-10 23:54:00,110249.3,110290.3,110225.0,110251.4,11.674404,1287198.368936
2025-06-10 23:51:00,110222.6,110299.9,110212.7,110249.3,18.67932,2059727.96940534
2025-06-10 23:48:00,110134.0,110222.6,110116.0,110222.6,20.252519,2231387.6381556
2025-06-10 23:45:00,110175.0,110190.2,110114.1,110134.0,16.324231,1798287.7279805
2025-06-10 23:42:00,110159.9,110178.4,110100.8,110175.0,14.809068,1631022.1222385
2025-06-10 23:39:00,110009.1,110213.0,109989.8,110159.9,37.740224,4156079.84224506
2025-06-10 23:36:00,109968.8,110022.7,109935.2,110009.1,14.688379,1615393.14036614
2025-06-10 23:33:00,109940.2,109983.0,109916.6,109968.8,15.582907,1713350.7851249
2025-06-10 23:30:00,109790.2,109944.9,109790.2,109940.2,13.088013,1438341.9092983
2025-06-10 23:27:00,109767.1,109790.2,109713.7,109790.2,7.092704,778485.627252
2025-06-10 23:24:00,109690.7,109782.4,109688.3,109767.1,5.751337,631154.0280961
2025-06-10 23:21:00,109654.9,109740.2,109600.0,109690.7,13.276801,1456297.419557
2025-06-10 23:18:00,109782.0,109782.0,109654.8,109654.9,12.209226,1339726.3009598
2025-06-10 23:15:00,109683.8,109817.1,109683.8,109782.0,11.134646,1222149.694467
2025-06-10 23:12:00,109689.6,109734.8,109650.8,109683.8,11.353469,1245354.4397337
2025-06-10 23:09:00,109601.8,109689.7,109587.0,109689.6,17.092114,1874013.5667691
2025-06-10 23:06:00,109888.1,109889.9,109593.1,109601.8,26.966646,2958508.04054776
2025-06-10 23:03:00,109808.0,109912.3,109763.4,109888.1,16.142497,1772910.2408742
2025-06-10 23:00:00,109721.7,109814.6,109702.7,109808.0,12.526912,1374858.2313836
2025-06-10 22:57:00,109733.8,109749.7,109716.1,109721.7,9.904636,1086860.5250393
2025-06-10 22:54:00,109720.2,109806.4,109720.2,109733.8,9.896791,1086299.2546747
2025-06-10 22:51:00,109720.8,109720.9,109600.1,109720.2,18.532007,2032164.59575456
2025-06-10 22:48:00,109754.9,109775.3,109720.8,109720.8,5.633146,618297.0347708
2025-06-10 22:45:00,109765.4,109787.5,109720.8,109754.9,7.814012,857636.23428
2025-06-10 22:42:00,109787.1,109787.1,109755.0,109765.4,11.345445,1245374.177923
2025-06-10 22:39:00,109888.9,109889.0,109770.0,109787.1,13.176026,1446853.3035032
2025-06-10 22:36:00,109875.2,109910.1,109858.0,109888.9,8.2542,906948.3242865
2025-06-10 22:33:00,109942.1,109965.3,109854.4,109875.2,17.174789,1887730.8930006
2025-06-10 22:30:00,109951.9,110018.6,109935.5,109942.1,17.857048,1963762.6730809
2025-06-10 22:27:00,109972.5,109972.5,109918.5,109951.9,5.893558,647997.5758768
2025-06-10 22:24:00,109884.1,109983.3,109884.1,109972.5,12.295186,1351837.1804837
2025-06-10 22:21:00,109993.5,110022.8,109884.1,109884.1,19.278765,2119956.0719752
2025-06-10 22:18:00,110059.8,110060.0,109993.5,109993.5,14.495055,1594738.1800637
2025-06-10 22:15:00,110006.2,110090.3,110006.2,110059.8,9.69338,1066720.0531086
2025-06-10 22:12:00,109991.9,110057.1,109950.0,110006.2,11.818456,1300112.2127092
2025-06-10 22:09:00,110057.9,110090.2,109991.9,109991.9,16.94924,1865182.5336993
2025-06-10 22:06:00,110034.4,110168.2,110024.7,110057.9,36.57552,4027388.92979941
2025-06-10 22:03:00,109980.0,110040.1,109890.3,110034.4,51.810967,5698580.53895452
2025-06-10 22:00:00,109859.9,110000.0,109834.5,109980.0,27.884455,3066177.88456478
2025-06-10 21:57:00,109835.5,109859.9,109803.3,109859.9,5.438068,597245.2592081
2025-06-10 21:54:00,109799.1,109836.4,109794.6,109835.5,4.474402,491345.0962816
2025-06-10 21:51:00,109776.9,109799.1,109702.5,109799.1,10.43532,1145114.9924312
2025-06-10 21:48:00,109845.6,109854.8,109776.8,109776.9,8.402656,922886.7807607
2025-06-10 21:45:00,109819.5,109853.2,109767.0,109845.6,9.318252,1023177.6238476
2025-06-10 21:42:00,109776.1,109866.9,109776.1,109819.5,12.487774,1371494.9306962
2025-06-10 21:39:00,109779.9,109881.2,109775.0,109776.1,11.718054,1287190.1980554
2025-06-10 21:36:00,109880.1,109934.0,109755.2,109779.9,15.919863,1748663.33154192
2025-06-10 21:33:00,109821.0,109880.1,109788.1,109880.1,6.266182,688114.05277871
2025-06-10 21:30:00,109785.3,109821.0,109755.0,109821.0,2.370484,260210.3719206
2025-06-10 21:27:00,109680.7,109821.1,109680.7,109785.3,16.374558,1797257.2864495
2025-06-10 21:24:00,109638.8,109680.7,109542.1,109680.7,9.319056,1021489.1450216
2025-06-10 21:21:00,109608.1,109640.2,109496.4,109638.8,6.247325,684530.1965292
2025-06-10 21:18:00,109654.6,109712.7,109567.0,109608.1,7.365709,807601.6523732
2025-06-10 21:15:00,109768.5,109768.5,109413.9,109654.6,40.550781,4443244.03577173
2025-06-10 21:12:00,109906.8,109906.9,109768.5,109768.5,12.671908,1392383.9223728
2025-06-10 21:09:00,109850.2,109940.3,109820.8,109906.8,9.665117,1062056.2625498
2025-06-10 21:06:00,109772.5,109850.2,109772.5,109850.2,10.870045,1193671.7843857
2025-06-10 21:03:00,109840.3,109858.8,109753.3,109772.5,10.719482,1177113.1329716
2025-06-10 21:00:00,109955.2,109993.0,109840.3,109840.3,12.619975,1387499.9939162
2025-06-10 20:57:00,109987.1,110000.0,109944.0,109955.2,19.650513,2161156.12908754
2025-06-10 20:54:00,109833.7,109988.9,109833.7,109987.1,14.134454,1553849.01922839
2025-06-10 20:51:00,109739.5,109849.9,109717.5,109833.7,18.495508,2030828.98909313
2025-06-10 20:48:00,109693.4,109758.0,109673.1,109739.5,13.138499,1441443.3306219
2025-06-10 20:45:00,109688.2,109702.4,109636.3,109693.4,13.254849,1453719.7208417
2025-06-10 20:42:00,109691.5,109700.0,109663.2,109688.2,10.042452,1101497.3008852
2025-06-10 20:39:00,109661.1,109720.8,109620.0,109691.5,9.120209,1000327.13214578
2025-06-10 20:36:00,109559.9,109665.6,109559.9,109661.1,12.032326,1318983.20118068
2025-06-10 20:33:00,109509.1,109570.5,109489.1,109559.9,6.899605,755745.6616846
2025-06-10 20:30:00,109530.1,109530.1,109455.4,109509.1,7.065078,773505.9124245
2025-06-10 20:27:00,109526.1,109581.0,109526.0,109530.1,6.772059,741879.0767007
2025-06-10 20:24:00,109521.8,109582.8,109521.8,109526.1,6.02277,659825.2772834
2025-06-10 20:21:00,109531.5,109585.2,109455.4,109521.8,7.880051,863150.1189486
2025-06-10 20:18:00,109278.7,109540.2,109240.3,109531.5,22.073641,2413252.6054252
2025-06-10 20:15:00,109340.1,109394.1,109240.4,109278.7,19.983915,2184839.46309282
2025-06-10 20:12:00,109406.8,109467.8,109293.1,109340.1,23.895362,2614035.11929278
2025-06-10 20:09:00,109354.7,109448.7,109338.5,109406.8,10.285711,1125185.8106964
2025-06-10 20:06:00,109357.3,109450.6,109298.1,109354.7,13.299786,1454589.01071465
2025-06-10 20:03:00,109421.1,109478.2,109312.5,109357.3,19.325429,2114544.1609485
2025-06-10 20:00:00,109518.7,109540.2,109362.0,109421.1,29.460219,3225000.157348
2025-06-10 19:57:00,109354.0,109556.4,109335.1,109518.7,33.119155,3626284.2942721
2025-06-10 19:54:00,109383.4,109512.8,109312.5,109354.0,29.696924,3249469.8077946
2025-06-10 19:51:00,109715.6,109716.5,109352.5,109383.4,28.554786,3128186.40379834
2025-06-10 19:48:00,109805.1,109817.2,109679.7,109715.6,50.105086,5498823.37410952
2025-06-10 19:45:00,109971.2,109971.8,109805.1,109805.1,39.87105,4382359.48539015
2025-06-10 19:42:00,110248.9,110249.0,109937.5,109971.2,27.717279,3050692.5847199
2025-06-10 19:39:00,110292.2,110347.2,110163.8,110248.9,37.118287,4092420.1053173
2025-06-10 19:36:00,110349.2,110381.9,110273.5,110292.2,39.520876,4359744.2603306
2025-06-10 19:33:00,110013.8,110389.9,110010.7,110349.2,53.524558,5900585.0138057
2025-06-10 19:30:00,110017.7,110084.9,109973.3,110013.8,29.070523,3198531.4766969
2025-06-10 19:27:00,110074.3,110163.6,109979.8,110017.7,40.777325,4488492.30782182
2025-06-10 19:24:00,109738.2,110074.4,109738.2,110074.3,73.733327,8102467.85875903
2025-06-10 19:21:00,109690.2,109740.0,109669.5,109738.2,21.272269,2333867.24410098
2025-06-10 19:18:00,109507.5,109695.7,109465.5,109690.2,19.406169,2126567.31600299
2025-06-10 19:15:00,109485.4,109595.3,109432.0,109507.5,19.939713,2183713.00553181
2025-06-10 19:12:00,109447.9,109548.0,109447.9,109485.4,27.147764,2972827.67624628
2025-06-10 19:09:00,109478.7,109494.9,109426.7,109447.9,14.645915,1603239.58106774
2025-06-10 19:06:00,109461.3,109489.1,109412.5,109478.7,15.108767,1653763.60732824
2025-06-10 19:03:00,109392.7,109461.4,109350.0,109461.3,23.243102,2542882.8322397
2025-06-10 19:00:00,109281.7,109415.2,109281.7,109392.7,24.636214,2694047.7496024
2025-06-10 18:57:00,109454.1,109477.8,109278.0,109281.7,44.498533,4866216.07591843
2025-06-10 18:54:00,109278.8,109454.1,109226.8,109454.1,40.674936,4448078.33967706
2025-06-10 18:51:00,109215.9,109297.6,109203.4,109278.8,26.983306,2947978.03383878
2025-06-10 18:48:00,109128.7,109215.9,109074.7,109215.9,17.324702,1891080.26888991
2025-06-10 18:45:00,109078.8,109128.7,109055.8,109128.7,12.415647,1354388.03088738
2025-06-10 18:42:00,109006.5,109109.6,109006.5,109078.8,10.986378,1198196.85591929
2025-06-10 18:39:00,108905.3,109015.1,108888.6,109006.5,14.80358,1613183.29124566
2025-06-10 18:36:00,108922.9,108926.2,108893.9,108905.3,6.196927,674906.2736009
2025-06-10 18:33:00,108859.1,108933.2,108820.4,108922.9,9.731607,1059600.3575766
2025-06-10 18:30:00,108924.7,108934.2,108843.4,108859.1,14.792303,1610630.9757653
2025-06-10 18:27:00,108898.7,108934.2,108862.6,108924.7,8.240017,897349.48234264
2025-06-10 18:24:00,108876.0,108900.0,108815.2,108898.7,12.360012,1345472.5360368
2025-06-10 18:21:00,108863.2,108900.0,108835.3,108876.0,7.228349,786978.48176932
2025-06-10 18:18:00,108744.3,108890.3,108744.3,108863.2,9.033119,983071.8821329
2025-06-10 18:15:00,108719.0,108790.3,108707.7,108744.3,9.369971,1019013.3679492
2025-06-10 18:12:00,108713.2,108719.0,108665.5,108719.0,9.36685,1018094.4456854
2025-06-10 18:09:00,108763.5,108763.5,108688.6,108713.2,13.296288,1445621.7971034
2025-06-10 18:06:00,108664.2,108829.5,108650.7,108763.5,16.518276,1796472.5080034
2025-06-10 18:03:00,108613.9,108699.5,108593.3,108664.2,20.650807,2243364.0866001
2025-06-10 18:00:00,108711.0,108716.7,108513.5,108613.9,45.321994,4922144.55570276
2025-06-10 17:57:00,108776.7,108776.7,108677.0,108711.0,7.820308,850218.4730189
2025-06-10 17:54:00,108805.0,108857.7,108776.6,108776.7,10.176834,1107393.8836924
2025-06-10 17:51:00,108716.9,108812.1,108610.3,108805.0,16.456002,1788979.838044
2025-06-10 17:48:00,108733.3,108756.3,108708.8,108716.9,10.205995,1109728.5525522
2025-06-10 17:45:00,108728.2,108789.7,108704.8,108733.3,11.921683,1296307.5657174
2025-06-10 17:42:00,108738.3,108761.8,108699.6,108728.2,12.81598,1393538.6628222
2025-06-10 17:39:00,108750.8,108797.2,108709.2,108738.3,15.34322,1668448.5055952
2025-06-10 17:36:00,108934.8,108959.1,108750.7,108750.8,12.046805,1311705.7461326
2025-06-10 17:33:00,108783.6,108940.3,108773.3,108934.8,12.388516,1348313.823422
2025-06-10 17:30:00,108840.4,108840.4,108732.0,108783.6,8.767414,953525.1514242
2025-06-10 17:27:00,108934.9,108935.0,108840.3,108840.4,8.152553,887630.426381
2025-06-10 17:24:00,108884.6,108953.3,108864.5,108934.9,9.900964,1078266.2033614
2025-06-10 17:21:00,108971.4,108971.4,108884.6,108884.6,7.78625,848043.4755678
2025-06-10 17:18:00,108998.3,109007.9,108929.6,108971.4,9.428537,1027442.1023922
2025-06-10 17:15:00,108929.0,109062.4,108928.9,108998.3,10.214323,1113480.379606
2025-06-10 17:12:00,108934.5,108989.1,108890.3,108929.0,13.925054,1517087.2108646
2025-06-10 17:09:00,108909.7,108946.2,108891.3,108934.5,9.653006,1051380.2267331
2025-06-10 17:06:00,108807.4,108950.7,108796.5,108909.7,15.591056,1697209.2369737
2025-06-10 17:03:00,108700.1,108814.7,108700.1,108807.4,17.555016,1909444.9716029
2025-06-10 17:00:00,108724.5,108761.6,108700.1,108700.1,11.455378,1245593.7166598
2025-06-10 16:57:00,108722.4,108734.7,108684.4,108724.5,7.571354,823054.0851359
2025-06-10 16:54:00,108694.1,108734.4,108683.0,108722.4,10.49757,1141108.5475425
2025-06-10 16:51:00,108782.0,108784.2,108694.0,108694.1,14.640962,1591851.2408076
2025-06-10 16:48:00,108858.6,108858.7,108740.4,108782.0,13.210061,1437021.8854106
2025-06-10 16:45:00,108890.4,108899.9,108812.5,108858.6,11.156926,1214504.931835
2025-06-10 16:42:00,108938.2,108988.2,108890.4,108890.4,6.365241,693454.4109571
2025-06-10 16:39:00,108843.6,108940.2,108812.5,108938.2,11.702795,1273985.0996872
2025-06-10 16:36:00,108932.1,108932.2,108840.6,108843.6,7.658571,833983.4256745
2025-06-10 16:33:00,109027.6,109032.4,108917.0,108932.1,10.072915,1097824.5307872
2025-06-10 16:30:00,109006.8,109062.5,108987.0,109027.6,14.149334,1542610.0685479
2025-06-10 16:27:00,108906.3,109026.7,108901.3,109006.8,14.90573,1624406.3339968
2025-06-10 16:24:00,108807.4,108906.4,108790.3,108906.3,24.957049,2716069.8671075
2025-06-10 16:21:00,109044.4,109044.4,108807.3,108807.4,21.286483,2318097.23476713
2025-06-10 16:18:00,109059.0,109156.6,109018.0,109044.4,17.468466,1905713.6062956
2025-06-10 16:15:00,109119.0,109180.8,109052.4,109059.0,13.972134,1524687.3509151
2025-06-10 16:12:00,109139.3,109159.0,109032.5,109119.0,18.21458,1987026.6115536
2025-06-10 16:09:00,109110.8,109139.4,109010.9,109139.3,14.289168,1558589.9938741
2025-06-10 16:06:00,109154.7,109154.7,109050.0,109110.8,23.462155,2559304.1244302
2025-06-10 16:03:00,109207.5,109255.5,109144.2,109154.7,28.521083,3114406.89279781
2025-06-10 16:00:00,109014.8,109213.0,109014.8,109207.5,32.777985,3577095.76213633
2025-06-10 15:57:00,109065.0,109090.3,108983.9,109014.8,40.858432,4454650.73053484
2025-06-10 15:54:00,108955.0,109080.0,108923.6,109065.0,17.171666,1871892.78513373
2025-06-10 15:51:00,108753.1,108979.8,108753.1,108955.0,28.149408,3065557.84282067
2025-06-10 15:48:00,108793.4,108827.8,108728.5,108753.1,16.599936,1805840.5974227
2025-06-10 15:45:00,108771.0,108830.8,108682.0,108793.4,38.600295,4198334.2687001
2025-06-10 15:42:00,108597.4,108778.8,108597.4,108771.0,43.835569,4764469.523833
2025-06-10 15:39:00,108640.5,108779.7,108567.7,108597.4,53.332878,5795257.63881128
2025-06-10 15:36:00,108661.8,108712.4,108567.0,108640.5,26.717467,2902830.9601042
2025-06-10 15:33:00,108639.4,108672.6,108334.1,108661.8,86.494834,9383106.16770888
2025-06-10 15:30:00,109068.0,109068.1,108622.4,108639.4,41.806322,4548516.95549378
2025-06-10 15:27:00,109144.5,109154.9,109068.0,109068.0,16.196901,1767181.8372616
2025-06-10 15:24:00,109023.0,109175.0,109021.1,109144.5,17.982274,1962164.73125
2025-06-10 15:21:00,109106.1,109133.2,109008.1,109023.0,16.469938,1796428.0538235
2025-06-10 15:18:00,109162.5,109162.6,108940.3,109106.1,32.533874,3548057.434226
2025-06-10 15:15:00,109105.0,109200.0,109019.1,109162.5,24.575405,2681786.48327249
2025-06-10 15:12:00,108899.0,109109.1,108899.0,109105.0,66.132043,7207139.52144229
2025-06-10 15:09:00,108793.7,108899.1,108793.7,108899.0,48.803086,5312926.66506772
2025-06-10 15:06:00,108749.6,108817.0,108722.8,108793.7,28.994646,3153776.01149
2025-06-10 15:03:00,108608.4,108764.1,108554.2,108749.6,29.967213,3255838.4954505
2025-06-10 15:00:00,108618.2,108640.2,108488.1,108608.4,33.043489,3587785.423121
2025-06-10 14:57:00,108621.0,108689.0,108609.0,108618.2,24.197585,2628919.4645389
2025-06-10 14:54:00,108735.0,108749.2,108557.4,108621.0,28.880165,3137540.5769439
2025-06-10 14:51:00,108653.2,108740.2,108523.3,108735.0,52.70582,5726827.9460657
2025-06-10 14:48:00,108558.1,108699.4,108494.0,108653.2,36.81774,3998747.8320295
2025-06-10 14:45:00,108608.6,108633.5,108473.2,108558.1,64.226453,6970762.24680574
2025-06-10 14:42:00,108675.9,108722.0,108544.7,108608.6,43.991544,4778185.5545426
2025-06-10 14:39:00,108710.1,108805.6,108675.9,108675.9,28.587457,3108580.4796592
2025-06-10 14:36:00,108697.9,108810.5,108665.5,108710.1,66.146034,7192653.3936903
2025-06-10 14:33:00,108771.6,108771.6,108608.0,108697.9,76.596988,8323497.94702012
2025-06-10 14:30:00,108837.3,108925.8,108743.1,108771.6,43.504386,4736233.5634164
2025-06-10 14:27:00,108916.7,108924.7,108690.6,108837.3,76.985595,8377546.5970507
2025-06-10 14:24:00,109038.9,109106.2,108916.7,108916.7,14.987917,1634536.6694789
2025-06-10 14:21:00,108957.8,109038.9,108929.5,109038.9,26.863756,2927364.6703618
2025-06-10 14:18:00,109012.5,109052.1,108911.8,108957.8,29.058791,3167415.9560684
2025-06-10 14:15:00,109088.6,109088.6,108946.9,109012.5,24.046893,2621081.4831884
2025-06-10 14:12:00,109142.8,109246.8,109074.8,109088.6,18.490379,2018431.7677291
2025-06-10 14:09:00,108990.0,109142.8,108915.1,109142.8,42.392033,4621640.93362986
2025-06-10 14:06:00,109208.2,109222.5,108942.9,108990.0,26.891727,2934399.55984975
2025-06-10 14:03:00,109215.0,109289.0,109140.0,109208.2,22.575066,2465115.0619513
2025-06-10 14:00:00,109311.2,109341.8,109215.0,109215.0,20.955471,2290153.04691446
2025-06-10 13:57:00,109162.0,109321.0,109160.7,109311.2,18.304725,1999993.22471496
2025-06-10 13:54:00,109183.6,109195.4,109108.5,109162.0,18.950825,2068565.5134615
2025-06-10 13:51:00,109060.6,109236.0,109060.6,109183.6,31.512252,3439741.3310454
2025-06-10 13:48:00,109007.4,109124.1,108941.2,109060.6,54.573389,5948546.0445917
2025-06-10 13:45:00,109026.3,109090.2,108856.0,109007.4,81.095664,8835749.88482701
2025-06-10 13:42:00,109260.1,109260.1,108964.4,109026.3,62.902366,6861741.75384209
2025-06-10 13:39:00,109397.2,109471.1,109256.3,109260.1,35.185156,3848781.62304144
2025-06-10 13:36:00,109352.1,109458.9,109311.0,109397.2,59.243068,6478215.1639998
2025-06-10 13:33:00,109519.5,109536.8,109290.5,109352.1,44.426377,4861063.24675048
2025-06-10 13:30:00,109722.1,109783.7,109432.0,109519.5,33.078466,3624954.1889208
2025-06-10 13:27:00,109780.6,109780.6,109644.1,109722.1,13.216101,1449712.5669327
2025-06-10 13:24:00,109751.1,109790.2,109700.1,109780.6,8.972691,984752.1980416
2025-06-10 13:21:00,109819.6,109839.9,109751.0,109751.1,10.672245,1171886.9775871
2025-06-10 13:18:00,109829.3,109889.4,109796.0,109819.6,34.216938,3758750.01641881
2025-06-10 13:15:00,109779.2,109829.3,109779.2,109829.3,26.204655,2877371.2048178
2025-06-10 13:12:00,109690.2,109799.0,109690.2,109779.2,25.047783,2748484.5673645
2025-06-10 13:09:00,109666.5,109690.3,109639.5,109690.2,10.652435,1168235.7846363
2025-06-10 13:06:00,109626.0,109700.0,109613.1,109666.5,10.676188,1170694.0616085
2025-06-10 13:03:00,109671.8,109671.8,109626.0,109626.0,8.432513,924612.6486869
2025-06-10 13:00:00,109694.9,109695.3,109637.5,109671.8,13.30581,1459224.9939192
2025-06-10 12:57:00,109640.1,109710.0,109637.0,109694.9,16.638514,1824891.640085
2025-06-10 12:54:00,109648.6,109660.9,109631.0,109640.1,19.586969,2147734.3863673
2025-06-10 12:51:00,109609.6,109648.6,109582.7,109648.6,10.728383,1175971.6763466
2025-06-10 12:48:00,109610.7,109671.1,109604.5,109609.6,23.626781,2590679.1983721
2025-06-10 12:45:00,109587.7,109610.8,109541.9,109610.7,11.963912,1310853.8829288
2025-06-10 12:42:00,109585.0,109646.2,109531.9,109587.7,24.794431,2717337.4692771
2025-06-10 12:39:00,109451.1,109585.0,109447.5,109585.0,21.982566,2407357.484351
2025-06-10 12:36:00,109473.6,109494.7,109431.6,109451.1,19.933549,2182292.7919552
2025-06-10 12:33:00,109510.6,109566.8,109473.6,109473.6,21.2626,2328497.2190316
2025-06-10 12:30:00,109495.5,109528.5,109465.5,109510.6,17.191407,1882283.5230836
2025-06-10 12:27:00,109504.0,109504.0,109450.0,109495.5,8.991248,984255.3357389
2025-06-10 12:24:00,109513.6,109522.7,109450.0,109504.0,15.839274,1734148.6402702
2025-06-10 12:21:00,109575.5,109586.2,109494.2,109513.6,16.372903,1793530.4325831
2025-06-10 12:18:00,109586.2,109604.1,109560.0,109575.5,44.706028,4899275.0377819
2025-06-10 12:15:00,109468.2,109602.5,109443.8,109586.2,16.141175,1767804.3341955
2025-06-10 12:12:00,109467.6,109477.6,109414.5,109468.2,17.769529,1944860.7502895
2025-06-10 12:09:00,109488.9,109557.6,109467.5,109467.6,12.96267,1419423.0219789
2025-06-10 12:06:00,109505.9,109506.0,109467.0,109488.9,11.753457,1286869.5343525
2025-06-10 12:03:00,109593.3,109598.7,109504.5,109505.9,13.244404,1451080.2469174
2025-06-10 12:00:00,109552.7,109620.9,109524.1,109593.3,19.949784,2185867.0809523
2025-06-10 11:57:00,109504.6,109571.2,109504.5,109552.7,14.639883,1603611.9133349
2025-06-10 11:54:00,109590.7,109641.9,109504.6,109504.6,21.723699,2380595.6925182
2025-06-10 11:51:00,109615.5,109684.0,109564.8,109590.7,13.143227,1440954.6089006
2025-06-10 11:48:00,109661.2,109680.2,109596.0,109615.5,33.006096,3618603.4914526
2025-06-10 11:45:00,109724.7,109749.9,109608.6,109661.2,36.262077,3977302.4811608
2025-06-10 11:42:00,109836.0,109856.8,109724.5,109724.7,48.993194,5379532.2190214
2025-06-10 11:39:00,109792.1,109836.9,109792.0,109836.0,19.09545,2097020.8346594
2025-06-10 11:36:00,109737.4,109849.9,109733.7,109792.1,50.325781,5525537.7338943
2025-06-10 11:33:00,109710.0,109799.9,109710.0,109737.4,47.721362,5237771.682902
2025-06-10 11:30:00,109744.8,109755.2,109661.7,109710.0,20.525188,2251739.2402525
2025-06-10 11:27:00,109586.7,109782.3,109580.3,109744.8,35.979055,3945849.4782
2025-06-10 11:24:00,109515.6,109600.0,109499.4,109586.7,19.756216,2164307.1154607
2025-06-10 11:21:00,109672.2,109720.3,109506.0,109515.6,41.054818,4500732.4613754
2025-06-10 11:18:00,109633.1,109685.8,109612.0,109672.2,25.871543,2836863.4545994
2025-06-10 11:15:00,109444.0,109899.0,109444.0,109633.1,88.327154,9689018.23753599
2025-06-10 11:12:00,109467.7,109467.7,109405.5,109444.0,8.058771,881903.039252
2025-06-10 11:09:00,109233.4,109476.8,109225.5,109467.7,26.220974,2867976.6361561
2025-06-10 11:06:00,109277.0,109280.0,109200.0,109233.4,12.667432,1383839.4777583
2025-06-10 11:03:00,109290.1,109310.0,109277.0,109277.0,5.386536,588706.5584428
2025-06-10 11:00:00,109306.8,109310.0,109272.7,109290.1,4.604849,503275.8626514
2025-06-10 10:57:00,109301.1,109308.5,109290.0,109306.8,4.93351,539226.333596
2025-06-10 10:54:00,109286.8,109310.0,109286.7,109301.1,4.242437,463709.1270458
2025-06-10 10:51:00,109309.0,109333.9,109286.7,109286.8,11.727039,1281901.6393292
2025-06-10 10:48:00,109276.8,109309.1,109276.8,109309.0,13.230459,1445989.8506436
2025-06-10 10:45:00,109277.9,109310.7,109274.9,109276.8,6.724322,734896.1255259
2025-06-10 10:42:00,109293.8,109293.9,109269.2,109277.9,7.916011,865045.5254617
2025-06-10 10:39:00,109353.5,109353.6,109293.8,109293.8,8.718094,952970.1591156
2025-06-10 10:36:00,109363.0,109373.3,109350.1,109353.5,5.34032,584020.3524735
2025-06-10 10:33:00,109373.4,109378.2,109340.3,109363.0,7.67122,838914.4780726
2025-06-10 10:30:00,109406.8,109422.4,109344.7,109373.4,10.78934,1180222.2292005
2025-06-10 10:27:00,109504.7,109504.8,109406.8,109406.8,7.513338,822350.1776134
2025-06-10 10:24:00,109422.6,109532.6,109406.1,109504.7,14.442403,1581225.7498724
2025-06-10 10:21:00,109400.1,109427.2,109397.2,109422.6,5.915248,647228.276386
2025-06-10 10:18:00,109493.0,109493.0,109400.0,109400.1,8.882667,972307.5309424
2025-06-10 10:15:00,109512.2,109576.1,109485.9,109493.0,24.142512,2644194.42174417
2025-06-10 10:12:00,109489.0,109540.3,109478.0,109512.2,16.615219,1819394.6782279
2025-06-10 10:09:00,109467.5,109489.1,109411.8,109489.0,13.947154,1526352.0208076
2025-06-10 10:06:00,109430.6,109485.9,109409.1,109467.5,18.252526,1997854.9086945
2025-06-10 10:03:00,109441.2,109449.2,109430.5,109430.6,5.693492,623095.3432838
2025-06-10 10:00:00,109507.8,109507.8,109415.6,109441.2,24.549206,2686705.7400551
2025-06-10 09:57:00,109470.0,109515.8,109469.9,109507.8,6.84484,749485.05388642
2025-06-10 09:54:00,109349.6,109470.0,109349.5,109470.0,11.232893,1228976.9025032
2025-06-10 09:51:00,109362.5,109383.2,109349.5,109349.6,3.93646,430521.351392
2025-06-10 09:48:00,109386.9,109386.9,109341.0,109362.5,10.924043,1194752.5103157
2025-06-10 09:45:00,109351.7,109388.3,109346.6,109386.9,5.872862,642313.7578449
2025-06-10 09:42:00,109388.8,109394.3,109341.2,109351.7,9.209158,1007112.2076217
2025-06-10 09:39:00,109399.9,109423.2,109377.4,109388.8,13.941689,1525210.0746846
2025-06-10 09:36:00,109456.5,109473.9,109384.8,109399.9,14.381369,1573845.2888692
2025-06-10 09:33:00,109404.7,109474.5,109385.3,109456.5,20.106498,2200205.8502081
2025-06-10 09:30:00,109287.6,109421.0,109280.1,109404.7,18.47746,2020680.3390025
2025-06-10 09:27:00,109320.6,109328.1,109274.8,109287.6,16.49461,1802889.876976
2025-06-10 09:24:00,109358.0,109388.4,109320.5,109320.6,10.857619,1187423.9898874
2025-06-10 09:21:00,109168.1,109358.0,109141.1,109358.0,26.549298,2900788.0459462
2025-06-10 09:18:00,109156.6,109176.6,109102.4,109168.1,9.388787,1024706.3343536
2025-06-10 09:15:00,109162.5,109224.0,109156.5,109156.6,19.651939,2145950.5381309
2025-06-10 09:12:00,109209.6,109209.6,109130.6,109162.5,11.398974,1244370.5439091
2025-06-10 09:09:00,109097.0,109211.6,109081.9,109209.6,15.542133,1696516.9612375
2025-06-10 09:06:00,109117.4,109188.2,109084.6,109097.0,24.016046,2620932.1852747
2025-06-10 09:03:00,109160.4,109160.4,109079.1,109117.4,8.599762,938261.8507711
2025-06-10 09:00:00,109087.1,109165.8,109076.3,109160.4,8.545084,932368.2051859
2025-06-10 08:57:00,109070.7,109099.4,109064.7,109087.1,7.284516,794584.6243392
2025-06-10 08:54:00,109141.2,109141.3,109064.7,109070.7,24.0396,2622497.94535035
2025-06-10 08:51:00,109221.7,109221.8,109141.2,109141.2,5.792119,632408.5915167
2025-06-10 08:48:00,109245.9,109274.9,109191.4,109221.7,8.216151,897400.1544064
2025-06-10 08:45:00,109246.7,109255.2,109177.6,109245.9,12.312808,1344806.5268075
2025-06-10 08:42:00,109271.1,109271.1,109218.6,109246.7,8.374577,914863.8724038
2025-06-10 08:39:00,109188.0,109275.8,109188.0,109271.1,14.108513,1541197.0427828
2025-06-10 08:36:00,109186.6,109281.2,109174.5,109188.0,12.479053,1363184.075237
2025-06-10 08:33:00,109188.6,109227.4,109101.9,109186.6,17.707491,1932823.8324202
2025-06-10 08:30:00,109197.4,109336.4,109188.6,109188.6,9.498684,1037887.5834615
2025-06-10 08:27:00,109237.7,109264.3,109182.9,109197.4,6.656306,727054.1877647
2025-06-10 08:24:00,109284.3,109286.9,109221.8,109237.7,3.550875,387945.3442831
2025-06-10 08:21:00,109296.7,109309.0,109263.3,109284.3,8.831551,965115.1253038
2025-06-10 08:18:00,109231.0,109296.8,109190.3,109296.7,7.662587,836971.7167621
2025-06-10 08:15:00,109233.3,109320.3,109231.0,109231.0,6.73835,736376.1758064
2025-06-10 08:12:00,109380.0,109380.0,109232.0,109233.3,13.166515,1439087.550912
2025-06-10 08:09:00,109352.8,109404.6,109352.8,109380.0,10.069029,1101337.9273824
2025-06-10 08:06:00,109256.4,109360.9,109256.4,109352.8,18.230018,1993023.1558855
2025-06-10 08:03:00,109174.6,109271.0,109147.6,109256.4,13.187229,1440101.2035869
2025-06-10 08:00:00,109203.3,109268.8,109156.3,109174.6,30.532642,3334674.3532442
2025-06-10 07:57:00,109225.7,109234.7,109203.2,109203.3,19.905493,2174174.8715137
2025-06-10 07:54:00,109258.5,109270.4,109207.8,109225.7,15.035218,1642433.873464
2025-06-10 07:51:00,109170.0,109258.6,109140.1,109258.5,18.361524,2004760.8112125
2025-06-10 07:48:00,109135.2,109194.6,109130.4,109170.0,17.094784,1866143.9407003
2025-06-10 07:45:00,109148.5,109148.5,109081.1,109135.2,28.438291,3102853.45685348
2025-06-10 07:42:00,109183.5,109263.5,109148.5,109148.5,22.983928,2510262.8205536
2025-06-10 07:39:00,109210.6,109214.2,109168.4,109183.5,15.842206,1729704.3016753
2025-06-10 07:36:00,109216.8,109224.6,109154.6,109210.6,19.839529,2166261.2472765
2025-06-10 07:33:00,109370.8,109370.8,109216.8,109216.8,22.016967,2406173.76933881
2025-06-10 07:30:00,109456.6,109500.3,109358.3,109370.8,23.511987,2573078.7348749
2025-06-10 07:27:00,109487.2,109490.8,109435.0,109456.6,8.304272,909019.547219
2025-06-10 07:24:00,109354.1,109510.0,109336.8,109487.2,14.77026,1616190.9659565
2025-06-10 07:21:00,109352.4,109416.3,109351.0,109354.1,22.508128,2462069.6309549
2025-06-10 07:18:00,109315.7,109379.4,109284.9,109352.4,16.436686,1797304.0892611
2025-06-10 07:15:00,109385.4,109385.5,109281.6,109315.7,10.076264,1101577.2507159
2025-06-10 07:12:00,109380.0,109407.4,109379.9,109385.4,16.979606,1857354.3941292
2025-06-10 07:09:00,109408.9,109409.0,109341.4,109380.0,25.003394,2734585.4415769
2025-06-10 07:06:00,109436.5,109436.5,109375.0,109408.9,6.414028,701626.4336139
2025-06-10 07:03:00,109465.3,109465.3,109436.5,109436.5,3.344903,366105.5855399
2025-06-10 07:00:00,109495.2,109495.2,109434.1,109465.3,8.548425,935705.4924406
2025-06-10 06:57:00,109516.7,109516.8,109495.2,109495.2,3.178527,348068.3758346
2025-06-10 06:54:00,109523.7,109535.1,109500.0,109516.7,6.436832,704933.7379007
2025-06-10 06:51:00,109584.1,109598.6,109515.4,109523.7,6.469036,708780.638637
2025-06-10 06:48:00,109541.8,109633.0,109541.8,109584.1,9.317638,1021084.2434958
2025-06-10 06:45:00,109568.7,109568.7,109536.2,109541.8,13.118959,1437254.5493796
2025-06-10 06:42:00,109576.6,109642.3,109552.3,109568.7,11.94115,1308859.91163044
2025-06-10 06:39:00,109520.9,109578.9,109513.3,109576.6,14.715645,1612197.8797193
2025-06-10 06:36:00,109442.7,109541.8,109442.7,109520.9,14.095291,1543497.1572682
2025-06-10 06:33:00,109448.3,109448.4,109344.6,109442.7,11.367263,1243666.9109044
2025-06-10 06:30:00,109400.5,109463.4,109383.4,109448.3,22.773928,2492012.2602719
2025-06-10 06:27:00,109342.9,109411.0,109342.9,109400.5,10.380616,1135489.0012124
2025-06-10 06:24:00,109356.5,109377.0,109342.9,109342.9,4.077235,445916.7292497
2025-06-10 06:21:00,109320.0,109369.1,109320.0,109356.5,6.898252,754342.3437265
2025-06-10 06:18:00,109220.7,109338.6,109220.7,109320.0,5.741587,627458.3055701
2025-06-10 06:15:00,109196.5,109271.1,109196.5,109220.7,5.902731,644825.4220154
2025-06-10 06:12:00,109335.4,109335.4,109187.0,109196.5,10.217442,1116579.0309202
2025-06-10 06:09:00,109190.5,109399.9,109190.4,109335.4,33.36803,3647507.1164621
2025-06-10 06:06:00,109216.2,109216.2,109139.9,109190.5,26.785387,2924343.21725356
2025-06-10 06:03:00,109205.9,109238.1,109200.0,109216.2,10.860955,1186152.7316179
2025-06-10 06:00:00,109315.9,109322.2,109205.9,109205.9,7.369189,805333.4007567
2025-06-10 05:57:00,109250.1,109375.1,109250.1,109315.9,14.091063,1540305.6166094
2025-06-10 05:54:00,109264.0,109285.4,109228.8,109250.1,5.759177,629256.2917343
2025-06-10 05:51:00,109357.7,109358.1,109224.1,109264.0,10.789061,1179175.4813919
2025-06-10 05:48:00,109352.2,109370.9,109341.9,109357.7,6.798988,743503.2397874
2025-06-10 05:45:00,109395.9,109435.1,109352.1,109352.2,6.416621,701976.5526996
2025-06-10 05:42:00,109360.9,109426.0,109360.9,109395.9,5.0331,550589.1269165
2025-06-10 05:39:00,109282.4,109371.0,109282.3,109360.9,8.716571,952961.0318472
2025-06-10 05:36:00,109201.7,109287.8,109201.7,109282.4,14.492097,1582940.3419449
2025-06-10 05:33:00,109256.0,109257.9,109201.6,109201.7,14.09785,1540021.64372939
2025-06-10 05:30:00,109415.7,109449.0,109223.2,109256.0,40.023327,4376205.90112386
2025-06-10 05:27:00,109422.0,109433.0,109399.8,109415.7,10.017488,1096047.9955085
2025-06-10 05:24:00,109449.0,109484.7,109400.0,109422.0,18.414958,2015364.2158136
2025-06-10 05:21:00,109635.4,109656.7,109449.0,109449.0,22.819431,2499344.9039355
2025-06-10 05:18:00,109690.2,109734.3,109629.9,109635.4,10.436385,1144677.2732594
2025-06-10 05:15:00,109531.9,109690.3,109518.1,109690.2,23.967777,2626966.8032385
2025-06-10 05:12:00,109489.3,109539.9,109489.2,109531.9,6.860653,751382.7248795
2025-06-10 05:09:00,109464.0,109515.9,109451.1,109489.3,3.933551,430689.0536211
2025-06-10 05:06:00,109483.7,109514.3,109464.0,109464.0,6.304092,690228.7474662
2025-06-10 05:03:00,109560.0,109560.0,109470.1,109483.7,9.666203,1058483.7929614
2025-06-10 05:00:00,109530.3,109564.9,109495.2,109560.0,10.496561,1149637.1395028
2025-06-10 04:57:00,109507.3,109545.0,109491.4,109530.3,6.576535,720264.0621689
2025-06-10 04:54:00,109535.2,109538.0,109507.2,109507.3,13.653871,1495445.7156756
2025-06-10 04:51:00,109514.5,109540.3,109503.1,109535.2,8.163129,894063.2275654
2025-06-10 04:48:00,109455.2,109514.6,109455.2,109514.5,5.955715,652100.2405328
2025-06-10 04:45:00,109491.6,109507.6,109450.7,109455.2,6.011412,658153.6256506
2025-06-10 04:42:00,109510.0,109547.8,109491.5,109491.6,8.885477,973116.8329447
2025-06-10 04:39:00,109468.6,109510.0,109462.4,109510.0,12.140279,1329156.6549751
2025-06-10 04:36:00,109457.1,109468.7,109423.8,109468.6,2.918736,319412.7138596
2025-06-10 04:33:00,109420.5,109478.8,109411.2,109457.1,8.589706,940070.3459273
2025-06-10 04:30:00,109392.1,109426.5,109379.6,109420.5,4.91854,538122.76557
2025-06-10 04:27:00,109392.4,109399.8,109379.0,109392.1,5.935485,649270.6794805
2025-06-10 04:24:00,109372.6,109423.7,109372.6,109392.4,4.71541,515869.5859657
2025-06-10 04:21:00,109384.9,109395.8,109368.3,109372.6,5.710058,624575.5791115
2025-06-10 04:18:00,109385.5,109434.7,109366.6,109384.9,7.70084,842500.94360786
2025-06-10 04:15:00,109412.0,109414.5,109369.2,109385.5,6.816719,745682.704362
2025-06-10 04:12:00,109517.4,109527.4,109412.0,109412.0,6.272072,686599.0579188
2025-06-10 04:09:00,109576.9,109576.9,109517.3,109517.4,6.369853,697852.6470519
2025-06-10 04:06:00,109628.4,109647.9,109559.5,109576.9,8.148782,893198.5199848
2025-06-10 04:03:00,109578.6,109628.5,109560.0,109628.4,8.426931,923516.6982747
2025-06-10 04:00:00,109568.6,109618.9,109563.1,109578.6,10.6736,1169746.89125
2025-06-10 03:57:00,109551.2,109568.7,109519.7,109568.6,3.660833,401008.2489801
2025-06-10 03:54:00,109542.9,109607.3,109542.9,109551.2,7.02136,769365.6637099
2025-06-10 03:51:00,109548.9,109559.2,109492.2,109542.9,4.900637,536773.2445725
2025-06-10 03:48:00,109525.9,109582.5,109510.5,109548.9,9.82297,1076066.3171787
2025-06-10 03:45:00,109456.2,109533.7,109433.7,109525.9,11.088278,1213981.6842787
2025-06-10 03:42:00,109452.8,109458.2,109428.3,109456.2,3.711484,406184.0885741
2025-06-10 03:39:00,109414.7,109476.9,109412.3,109452.8,11.451058,1253330.5536256
2025-06-10 03:36:00,109399.8,109414.7,109399.8,109414.7,1.698238,185800.0575024
2025-06-10 03:33:00,109407.4,109419.3,109397.8,109399.8,9.324015,1020100.9968626
2025-06-10 03:30:00,109479.4,109517.8,109407.4,109407.4,9.582346,1049153.8266803
2025-06-10 03:27:00,109426.5,109488.5,109409.4,109479.4,8.738526,956360.8900871
2025-06-10 03:24:00,109496.4,109501.2,109426.5,109426.5,5.205089,569756.0897368
2025-06-10 03:21:00,109450.8,109529.7,109408.6,109496.4,5.922185,648380.053706
2025-06-10 03:18:00,109422.9,109510.0,109409.9,109450.8,14.451431,1581670.7391808
2025-06-10 03:15:00,109408.1,109445.0,109408.0,109422.9,5.768446,631222.2895138
2025-06-10 03:12:00,109455.2,109455.2,109402.6,109408.1,6.788579,742794.3771254
2025-06-10 03:09:00,109470.4,109509.9,109451.7,109455.2,4.813451,526957.7101753
2025-06-10 03:06:00,109503.4,109503.4,109400.0,109470.4,13.976431,1529344.2298334
2025-06-10 03:03:00,109532.8,109544.9,109503.4,109503.4,10.317397,1129981.9774092
2025-06-10 03:00:00,109654.5,109693.8,109526.1,109532.8,15.069856,1652029.7733341
2025-06-10 02:57:00,109664.2,109666.9,109643.5,109654.5,3.861499,423440.0273616
2025-06-10 02:54:00,109683.6,109762.1,109664.2,109664.2,9.201114,1009575.7669899
2025-06-10 02:51:00,109678.2,109725.9,109645.5,109683.6,11.347104,1244587.2226328
2025-06-10 02:48:00,109571.5,109700.6,109571.5,109678.2,13.24165,1451792.6304144
2025-06-10 02:45:00,109636.4,109690.3,109571.5,109571.5,16.730159,1834707.6544245
2025-06-10 02:42:00,109604.8,109642.1,109565.1,109636.4,7.490853,821022.6558282
2025-06-10 02:39:00,109640.2,109640.3,109588.4,109604.8,7.075691,775586.4592118
2025-06-10 02:36:00,109683.0,109683.0,109584.1,109640.2,9.705338,1064111.4862469
2025-06-10 02:33:00,109623.0,109708.2,109579.4,109683.0,13.181143,1445503.2505089
2025-06-10 02:30:00,109662.7,109667.0,109616.9,109623.0,11.595311,1271349.6212338
2025-06-10 02:27:00,109690.3,109690.3,109623.1,109662.7,13.258621,1454062.5807045
2025-06-10 02:24:00,109568.3,109695.9,109568.3,109690.3,19.551868,2143559.5215082
2025-06-10 02:21:00,109494.4,109568.3,109472.1,109568.3,6.668199,730275.170593
2025-06-10 02:18:00,109579.1,109579.1,109479.1,109494.4,16.332779,1788892.6475365
2025-06-10 02:15:00,109614.6,109650.6,109521.0,109579.1,21.877335,2397856.8140521
2025-06-10 02:12:00,109439.1,109614.6,109418.3,109614.6,35.060776,3839183.2054775
2025-06-10 02:09:00,109436.0,109462.6,109377.4,109439.1,17.558688,1921316.02390178
2025-06-10 02:06:00,109546.4,109589.7,109413.9,109436.0,40.202759,4402067.70387512
2025-06-10 02:03:00,109682.2,109693.3,109516.7,109546.4,37.803238,4142977.38338189
2025-06-10 02:00:00,109787.8,109787.8,109646.6,109682.2,15.198531,1667305.5209048
2025-06-10 01:57:00,109782.7,109817.5,109782.7,109787.8,9.780514,1073971.727912
2025-06-10 01:54:00,109656.9,109782.7,109648.0,109782.7,7.865733,862805.4021293
2025-06-10 01:51:00,109740.0,109741.6,109648.2,109656.9,16.402542,1799220.59631483
2025-06-10 01:48:00,109860.0,109860.0,109730.5,109740.0,7.348422,806753.6491557
2025-06-10 01:45:00,109869.9,109889.0,109826.9,109860.0,7.090752,778962.7582436
2025-06-10 01:42:00,109770.5,109869.9,109770.5,109869.9,15.219082,1671583.8802634
2025-06-10 01:39:00,109828.5,109873.9,109770.4,109770.5,16.584141,1821184.8087542
2025-06-10 01:36:00,109843.9,109844.0,109760.1,109828.5,13.917789,1528260.6795098
2025-06-10 01:33:00,109782.0,109849.0,109729.9,109843.9,9.297526,1020795.641413
2025-06-10 01:30:00,109835.3,109835.3,109751.3,109782.0,12.24097,1344041.5441674
2025-06-10 01:27:00,109917.7,109917.8,109833.7,109835.3,6.00409,659633.3196243
2025-06-10 01:24:00,109804.1,109917.8,109804.1,109917.7,12.277579,1348924.1971082
2025-06-10 01:21:00,109751.4,109810.7,109751.4,109804.1,11.743903,1289426.6759388
2025-06-10 01:18:00,109717.8,109774.9,109717.4,109751.4,11.889732,1304903.7767618
2025-06-10 01:15:00,109753.2,109810.2,109717.8,109717.8,11.812953,1296666.3960498
2025-06-10 01:12:00,109800.0,109834.2,109718.0,109753.2,23.117573,2537671.97374506
2025-06-10 01:09:00,109881.3,109890.3,109731.8,109800.0,16.853706,1850664.3628162
2025-06-10 01:06:00,109901.1,109959.9,109838.7,109881.3,20.788834,2284162.71041004
2025-06-10 01:03:00,109860.0,109901.2,109844.2,109901.1,10.567294,1161052.743235
2025-06-10 01:00:00,109914.6,109927.5,109842.8,109860.0,14.517109,1595118.52283542
2025-06-10 00:57:00,109928.9,109965.4,109914.6,109914.6,11.365879,1249546.031001
2025-06-10 00:54:00,110021.7,110028.7,109919.5,109928.9,15.374431,1690863.51503469
2025-06-10 00:51:00,109998.3,110072.3,109998.3,110021.7,11.177214,1229872.2555088
2025-06-10 00:48:00,110064.2,110073.8,109994.2,109998.3,16.693607,1836731.8705047
2025-06-10 00:45:00,110148.0,110159.1,110057.6,110064.2,22.591235,2487873.4010997
2025-06-10 00:42:00,110202.1,110223.1,110090.9,110148.0,13.84894,1525275.5058845
2025-06-10 00:39:00,110281.8,110307.3,110160.2,110202.1,16.705207,1841814.4606517
2025-06-10 00:36:00,110160.9,110297.2,110160.9,110281.8,28.519002,3143363.4759282
2025-06-10 00:33:00,110140.9,110161.0,110048.5,110160.9,11.445691,1260189.5240864
2025-06-10 00:30:00,110269.7,110295.2,110100.7,110140.9,27.692189,3052116.6234785
2025-06-10 00:27:00,110219.1,110306.5,110204.3,110269.7,25.433249,2804246.4382983
2025-06-10 00:24:00,110127.9,110284.0,110088.3,110219.1,22.979996,2532529.7821734
2025-06-10 00:21:00,109986.8,110140.3,109986.8,110127.9,26.749983,2944671.0376812
2025-06-10 00:18:00,109999.6,110034.6,109958.2,109986.8,17.814456,1959525.1706857
2025-06-10 00:15:00,109982.8,110070.3,109967.0,109999.6,18.344803,2018406.8437978
2025-06-10 00:12:00,110035.1,110035.1,109948.7,109982.8,8.263177,908795.9787605
2025-06-10 00:09:00,110050.0,110105.8,110030.5,110035.1,13.215592,1454575.1526995
2025-06-10 00:06:00,110160.0,110160.1,110041.7,110050.0,10.032803,1104532.971344
2025-06-10 00:03:00,110171.7,110217.3,110145.2,110160.0,12.691991,1398407.5798462
2025-06-10 00:00:00,110271.9,110293.4,110140.8,110171.7,42.254812,4658082.0365508
2025-06-09 23:57:00,110255.6,110275.8,110255.6,110271.9,10.07482,1110883.4131224
2025-06-09 23:54:00,110230.2,110287.4,110189.0,110255.6,24.714129,2724470.2784924
2025-06-09 23:51:00,110274.5,110310.9,110230.2,110230.2,16.014402,1766147.0313439
2025-06-09 23:48:00,110158.2,110274.6,110138.7,110274.5,23.230951,2559644.2495997
2025-06-09 23:45:00,110189.2,110261.7,110142.6,110158.2,14.403466,1587303.415205
2025-06-09 23:42:00,110250.0,110274.5,110181.1,110189.2,16.82451,1854711.0264533
2025-06-09 23:39:00,110132.8,110250.0,110102.3,110250.0,51.858407,5712873.9112774
2025-06-09 23:36:00,110063.5,110136.1,110020.3,110132.8,20.399822,2245204.0087041
2025-06-09 23:33:00,110019.6,110090.3,110019.6,110063.5,25.429652,2798522.9395793
2025-06-09 23:30:00,110035.8,110072.2,109962.2,110019.6,13.772858,1515431.7914565
2025-06-09 23:27:00,110120.5,110120.5,110013.7,110035.8,10.066987,1107873.2544616
2025-06-09 23:24:00,110217.6,110227.6,110100.7,110120.5,11.533491,1270559.5700347
2025-06-09 23:21:00,109936.1,110265.2,109905.9,110217.6,43.181358,4753981.1764635
2025-06-09 23:18:00,109909.8,109946.6,109878.7,109936.1,14.169615,1557387.1928423
2025-06-09 23:15:00,109935.5,109974.7,109893.3,109909.8,8.685234,954765.1608266
2025-06-09 23:12:00,109930.6,109935.9,109895.1,109935.5,14.703585,1616181.61645771
2025-06-09 23:09:00,110050.6,110050.7,109930.6,109930.6,14.044692,1544312.82837792
2025-06-09 23:06:00,110053.1,110099.9,110040.2,110050.6,16.125668,1774829.8754982
2025-06-09 23:03:00,110252.1,110252.1,110053.1,110053.1,10.069625,1108865.0869444
2025-06-09 23:00:00,110179.4,110266.4,110113.3,110252.1,27.223858,2999782.8388425
2025-06-09 22:57:00,110118.9,110237.5,110118.9,110179.4,19.402902,2137592.534383
2025-06-09 22:54:00,110145.8,110211.9,110097.0,110118.9,15.317569,1687099.3925504
2025-06-09 22:51:00,110114.8,110188.7,110114.8,110145.8,15.073807,1660471.7310676
2025-06-09 22:48:00,110205.2,110205.2,110114.8,110114.8,12.098756,1332655.0676364
2025-06-09 22:45:00,110243.9,110260.7,110205.2,110205.2,6.720895,740961.1196482
2025-06-09 22:42:00,110218.7,110278.5,110218.7,110243.9,13.277034,1463744.950942
2025-06-09 22:39:00,110218.8,110242.6,110140.9,110218.7,30.311096,3340019.5561089
2025-06-09 22:36:00,110368.7,110417.0,110212.2,110218.8,25.085095,2766691.431889
2025-06-09 22:33:00,110339.1,110381.6,110258.4,110368.7,31.326009,3455751.0928611
2025-06-09 22:30:00,110197.9,110378.4,110092.2,110339.1,28.164096,3104845.46699818
2025-06-09 22:27:00,110056.6,110236.8,110051.2,110197.9,42.240654,4653248.965285
2025-06-09 22:24:00,109968.3,110085.7,109968.3,110056.6,12.752355,1403143.2685496
2025-06-09 22:21:00,109966.3,110007.4,109930.8,109968.3,17.96368,1975497.6172411
2025-06-09 22:18:00,109925.7,110085.5,109925.7,109966.3,27.091749,2980358.3693293
2025-06-09 22:15:00,109906.6,109926.6,109802.2,109925.7,15.668625,1721154.3121198
2025-06-09 22:12:00,109816.9,109936.7,109755.1,109906.6,25.218095,2769936.7124763
2025-06-09 22:09:00,109912.4,109912.4,109719.1,109816.9,25.37097,2785490.9348908
2025-06-09 22:06:00,110023.7,110049.8,109859.3,109912.4,15.147194,1664903.24302882
2025-06-09 22:03:00,110123.2,110195.1,109972.1,110023.7,24.10669,2654192.8303808
2025-06-09 22:00:00,109978.3,110157.8,109978.3,110123.2,57.057175,6281185.3637689
2025-06-09 21:57:00,109969.9,109986.5,109882.7,109978.3,25.092072,2758791.5286066
2025-06-09 21:54:00,109714.9,110060.9,109714.8,109969.9,32.398947,3562143.7666327
2025-06-09 21:51:00,109852.0,109917.5,109714.8,109714.9,18.028372,1979546.18449146
2025-06-09 21:48:00,109801.4,109871.3,109731.8,109852.0,13.648227,1498365.09126093
2025-06-09 21:45:00,109900.8,110099.3,109799.7,109801.4,26.05627,2864634.17697292
2025-06-09 21:42:00,109915.7,109980.0,109883.0,109900.8,22.252006,2445970.11895092
2025-06-09 21:39:00,110194.7,110234.7,109911.6,109915.7,49.901733,5493137.17055079
2025-06-09 21:36:00,110290.5,110299.9,110160.0,110194.7,70.211916,7741121.4433121
2025-06-09 21:33:00,110024.9,110313.0,109889.0,110290.5,44.236223,4868882.5366419
2025-06-09 21:30:00,110500.0,110665.8,109853.8,110024.9,87.173215,9612571.34522026
2025-06-09 21:27:00,109922.0,110500.0,109695.9,110500.0,124.029412,13649823.38696168
2025-06-09 21:24:00,109461.5,109922.0,109431.4,109922.0,58.83912,6451982.7627725
2025-06-09 21:21:00,109407.3,109481.7,109347.1,109461.5,23.82013,2606341.5713795
2025-06-09 21:18:00,109439.3,109489.5,109401.9,109407.3,36.941719,4043179.65774189
2025-06-09 21:15:00,109215.3,109472.3,109215.3,109439.3,28.548845,3122958.51941308
2025-06-09 21:12:00,109268.1,109362.6,109149.8,109215.3,34.116891,3726730.8568794
2025-06-09 21:09:00,108798.2,109364.1,108796.6,109268.1,160.399839,17500053.57247698
2025-06-09 21:06:00,108789.1,108808.7,108752.5,108798.2,16.748315,1821858.7116297
2025-06-09 21:03:00,108792.6,108835.5,108780.0,108789.1,15.245434,1658849.0826702
2025-06-09 21:00:00,108694.7,108809.4,108694.7,108792.6,22.633967,2461960.1493707
2025-06-09 20:57:00,108682.9,108722.7,108668.7,108694.7,10.725131,1165760.9483542
2025-06-09 20:54:00,108665.7,108708.5,108665.7,108682.9,8.26015,897819.5689793
2025-06-09 20:51:00,108650.8,108678.4,108650.2,108665.7,5.707953,620237.6277406
2025-06-09 20:48:00,108664.6,108664.6,108609.0,108650.8,9.604256,1043326.3416411
2025-06-09 20:45:00,108661.5,108686.0,108645.8,108664.6,7.546589,820059.9993748
2025-06-09 20:42:00,108698.3,108698.3,108661.4,108661.5,2.895908,314750.5849108
2025-06-09 20:39:00,108690.6,108726.0,108690.6,108698.3,5.550534,603398.9159628
2025-06-09 20:36:00,108696.6,108696.8,108659.7,108690.6,16.47201,1790117.2167204
2025-06-09 20:33:00,108733.9,108735.7,108691.1,108696.6,6.958321,756490.8927663
2025-06-09 20:30:00,108677.6,108735.6,108677.6,108733.9,10.958968,1191342.10218598
2025-06-09 20:27:00,108647.9,108677.7,108618.9,108677.6,10.532364,1144368.3153484
2025-06-09 20:24:00,108630.3,108648.9,108611.3,108647.9,4.617842,501622.4723252
2025-06-09 20:21:00,108597.6,108646.7,108587.3,108630.3,11.49072,1248074.6167152
2025-06-09 20:18:00,108593.0,108657.1,108573.6,108597.6,12.927026,1403914.8893179
2025-06-09 20:15:00,108463.6,108593.0,108463.6,108593.0,11.204386,1216163.9056912
2025-06-09 20:12:00,108603.0,108603.0,108439.0,108463.6,22.367148,2427355.1288407
2025-06-09 20:09:00,108666.7,108704.9,108594.7,108603.0,15.299227,1662492.3274562
2025-06-09 20:06:00,108613.9,108677.2,108613.9,108666.7,13.696778,1488277.9391331
2025-06-09 20:03:00,108606.1,108614.0,108566.0,108613.9,5.171354,561534.3534224
2025-06-09 20:00:00,108562.7,108628.1,108534.3,108606.1,13.686167,1486088.7873312
2025-06-09 19:57:00,108465.6,108633.3,108459.9,108562.7,27.971307,3036271.0471373
2025-06-09 19:54:00,108505.6,108518.8,108396.0,108465.6,17.708067,1920488.0750968
2025-06-09 19:51:00,108564.8,108594.1,108485.3,108505.6,12.689655,1377367.793836
2025-06-09 19:48:00,108431.3,108608.4,108431.3,108564.8,17.547498,1904907.5447115
2025-06-09 19:45:00,108447.1,108454.6,108337.1,108431.3,16.859563,1827571.82199468
2025-06-09 19:42:00,108560.7,108560.8,108439.6,108447.1,12.17922,1321349.3974564
2025-06-09 19:39:00,108549.6,108578.6,108491.6,108560.7,34.375742,3730620.1149105
2025-06-09 19:36:00,108580.2,108607.0,108549.6,108549.6,7.180208,779650.7440989
2025-06-09 19:33:00,108560.1,108580.2,108521.8,108580.2,15.668041,1700718.5655818
2025-06-09 19:30:00,108674.5,108677.7,108546.2,108560.1,20.687354,2247141.973537
2025-06-09 19:27:00,108743.4,108756.2,108658.9,108674.5,41.02633,4459620.9435141
2025-06-09 19:24:00,108576.3,108776.3,108500.0,108743.4,102.661821,11153656.75976824
2025-06-09 19:21:00,108542.5,108576.3,108500.0,108576.3,22.713165,2464715.3949408
2025-06-09 19:18:00,108548.2,108597.4,108538.1,108542.5,11.187193,1214460.009324
2025-06-09 19:15:00,108508.8,108549.9,108500.0,108548.2,17.001288,1844898.9951012
2025-06-09 19:12:00,108539.6,108539.6,108500.4,108508.8,7.733759,839211.1120915
2025-06-09 19:09:00,108543.0,108550.0,108481.1,108539.6,9.38438,1018431.1830034
2025-06-09 19:06:00,108545.3,108572.6,108497.3,108543.0,16.035342,1740311.5608854
2025-06-09 19:03:00,108536.7,108599.4,108479.3,108545.3,24.928237,2705841.75858042
2025-06-09 19:00:00,108457.6,108542.0,108421.0,108536.7,12.274522,1331326.8907608
2025-06-09 18:57:00,108399.9,108489.9,108399.9,108457.6,14.4447,1566385.3511182
2025-06-09 18:54:00,108342.2,108400.0,108339.3,108399.9,16.354516,1772480.1686454
2025-06-09 18:51:00,108409.2,108420.3,108310.2,108342.2,8.002057,867217.4643562
2025-06-09 18:48:00,108308.3,108416.6,108287.8,108409.2,13.095877,1418673.5780776
2025-06-09 18:45:00,108380.4,108380.4,108301.8,108308.3,7.712712,835597.1703177
2025-06-09 18:42:00,108343.3,108393.3,108332.8,108380.4,7.859011,851628.1829695
2025-06-09 18:39:00,108483.3,108483.3,108306.4,108343.3,15.058557,1631906.5720609
2025-06-09 18:36:00,108445.4,108500.0,108445.4,108483.3,6.584803,714347.8841277
2025-06-09 18:33:00,108420.2,108466.8,108415.3,108445.4,12.63873,1370580.6579101
2025-06-09 18:30:00,108441.3,108474.2,108405.6,108420.2,14.5215,1574808.4298133
2025-06-09 18:27:00,108486.7,108503.1,108422.1,108441.3,11.925997,1293623.7343937
2025-06-09 18:24:00,108509.0,108566.6,108462.1,108486.7,22.746308,2468540.78882256
2025-06-09 18:21:00,108420.1,108511.9,108420.0,108509.0,15.380263,1668050.5442143
2025-06-09 18:18:00,108484.8,108497.7,108391.0,108420.1,15.189795,1647295.2394139
2025-06-09 18:15:00,108455.0,108500.0,108429.7,108484.8,28.757191,3119289.811425
2025-06-09 18:12:00,108376.1,108490.5,108326.1,108455.0,26.805271,2906737.5947701
2025-06-09 18:09:00,108387.3,108511.9,108356.8,108376.1,66.725921,7236698.10504956
2025-06-09 18:06:00,108374.0,108432.7,108374.0,108387.3,21.359144,2315441.9433294
2025-06-09 18:03:00,108378.5,108411.2,108300.0,108374.0,22.788633,2469456.3776651
2025-06-09 18:00:00,108343.8,108408.1,108343.6,108378.5,21.62686,2343902.9001345
2025-06-09 17:57:00,108370.2,108370.2,108303.4,108343.8,9.824934,1064312.7612503
2025-06-09 17:54:00,108269.0,108394.0,108268.9,108370.2,15.750022,1706501.6976691
2025-06-09 17:51:00,108359.4,108359.4,108266.6,108269.0,24.541265,2657803.7957778
2025-06-09 17:48:00,108376.5,108437.8,108253.8,108359.4,42.808751,4639363.97659032
2025-06-09 17:45:00,108305.0,108376.5,108213.4,108376.5,20.120918,2178677.2137023
2025-06-09 17:42:00,108295.6,108306.8,108253.8,108305.0,17.359439,1879612.2976114
2025-06-09 17:39:00,108275.7,108358.9,108254.9,108295.6,17.905499,1939362.1977716
2025-06-09 17:36:00,108220.4,108297.6,108170.2,108275.7,8.741333,946116.9452095
2025-06-09 17:33:00,108330.0,108330.0,108190.3,108220.4,22.678815,2454999.8000567
2025-06-09 17:30:00,108339.6,108350.6,108254.8,108330.0,24.765835,2681901.518953
2025-06-09 17:27:00,108342.9,108374.3,108300.3,108339.6,11.593827,1256079.6262405
2025-06-09 17:24:00,108324.5,108401.1,108285.2,108342.9,39.032447,4228684.61954511
2025-06-09 17:21:00,108247.4,108324.6,108209.5,108324.5,20.954884,2268713.27111525
2025-06-09 17:18:00,108238.2,108264.4,108188.2,108247.4,11.766555,1273492.0009713
2025-06-09 17:15:00,108279.7,108315.3,108224.7,108238.2,24.948171,2701013.9264182
2025-06-09 17:12:00,107981.6,108316.2,107970.3,108279.7,41.880541,4530008.29756404
2025-06-09 17:09:00,108069.7,108147.3,107956.9,107981.6,28.828578,3115343.03672084
2025-06-09 17:06:00,107956.0,108128.8,107956.0,108069.7,34.167754,3692361.7370458
2025-06-09 17:03:00,107826.5,107976.9,107803.0,107956.0,52.902296,5708743.3203759
2025-06-09 17:00:00,107707.2,107826.5,107666.1,107826.5,20.335848,2190688.72707275
2025-06-09 16:57:00,107751.1,107779.4,107666.7,107707.2,18.895884,2035496.60696266
2025-06-09 16:54:00,107801.1,107911.3,107734.4,107751.1,33.618758,3625226.96354014
2025-06-09 16:51:00,108017.4,108157.4,107801.1,107801.1,66.438118,7174825.09074954
2025-06-09 16:48:00,107904.1,108035.5,107878.9,108017.4,15.466173,1669626.7041139
2025-06-09 16:45:00,107953.2,107968.0,107828.9,107904.1,21.419838,2311377.1338604
2025-06-09 16:42:00,107956.7,107994.6,107911.4,107953.2,13.439002,1450757.8178208
2025-06-09 16:39:00,107975.1,108039.6,107951.3,107956.7,17.132272,1850365.3541138
2025-06-09 16:36:00,107977.9,108006.8,107954.6,107975.1,31.799571,3433711.5879873
2025-06-09 16:33:00,108009.4,108009.4,107949.2,107977.9,43.886334,4739071.5262526
2025-06-09 16:30:00,107946.5,108035.6,107946.5,108009.4,24.824193,2681077.4239467
2025-06-09 16:27:00,107853.8,107986.6,107807.8,107946.5,20.547406,2216746.7868066
2025-06-09 16:24:00,107960.1,108016.4,107853.8,107853.8,31.652637,3417728.4294451
2025-06-09 16:21:00,107919.1,108031.4,107894.4,107960.1,55.164396,5956959.79470762
2025-06-09 16:18:00,107864.1,107940.7,107864.1,107919.1,24.532022,2647219.2027275
2025-06-09 16:15:00,107883.8,107934.0,107765.9,107864.1,35.069455,3782700.2159917
2025-06-09 16:12:00,107877.8,107898.5,107767.3,107883.8,14.595289,1574058.0791559
2025-06-09 16:09:00,107844.1,107893.9,107829.2,107877.8,12.189377,1314880.391998
2025-06-09 16:06:00,107875.3,107919.5,107834.2,107844.1,10.917696,1177799.2781385
2025-06-09 16:03:00,107752.6,107891.5,107752.6,107875.3,11.661591,1257495.8034651
2025-06-09 16:00:00,107636.3,107752.7,107636.2,107752.6,11.733861,1263692.2482962
2025-06-09 15:57:00,107803.9,107804.0,107636.3,107636.3,13.355191,1438115.93435941
2025-06-09 15:54:00,107788.3,107849.1,107788.2,107803.9,8.966157,966638.5140377
2025-06-09 15:51:00,107866.8,107876.9,107788.2,107788.3,7.073286,762601.3934746
2025-06-09 15:48:00,107816.0,107876.7,107810.8,107866.8,10.415362,1123275.778095
2025-06-09 15:45:00,107734.4,107824.2,107734.4,107816.0,13.077955,1409686.6135409
2025-06-09 15:42:00,107781.4,107781.4,107719.4,107734.4,8.976293,967184.2549912
2025-06-09 15:39:00,107739.6,107789.4,107739.5,107781.4,7.07046,761948.1685088
2025-06-09 15:36:00,107832.8,107832.8,107739.6,107739.6,8.946494,964273.5377062
2025-06-09 15:33:00,107928.8,107928.9,107766.9,107832.8,19.597812,2113514.9049292
2025-06-09 15:30:00,107950.3,107988.7,107855.0,107928.8,27.907944,3012062.3748423
2025-06-09 15:27:00,107813.4,108005.7,107813.4,107950.3,28.775246,3105871.4406494
2025-06-09 15:24:00,107828.4,107881.9,107813.4,107813.4,13.104271,1413377.8982601
2025-06-09 15:21:00,107740.9,107878.8,107733.5,107828.4,28.187569,3038639.1134055
2025-06-09 15:18:00,107870.7,107879.1,107740.7,107740.9,25.057236,2701671.1565085
2025-06-09 15:15:00,107865.0,107891.6,107736.2,107870.7,27.018764,2912859.79043134
2025-06-09 15:12:00,107906.3,108041.2,107856.8,107865.0,46.112077,4977890.64092324
2025-06-09 15:09:00,107839.4,107917.8,107796.6,107906.3,14.557234,1570185.1578378
2025-06-09 15:06:00,107725.0,107875.8,107725.0,107839.4,36.60555,3946210.87605876
2025-06-09 15:03:00,107583.9,107725.0,107583.9,107725.0,21.99315,2367743.75934
2025-06-09 15:00:00,107617.4,107650.9,107533.7,107583.9,84.986235,9146005.0088571
2025-06-09 14:57:00,107594.1,107620.0,107570.0,107617.4,10.536399,1133648.3908283
2025-06-09 14:54:00,107634.6,107634.6,107519.2,107594.1,15.690264,1687808.0780855
2025-06-09 14:51:00,107646.2,107701.7,107551.4,107634.6,27.692418,2980022.28564202
2025-06-09 14:48:00,107859.3,108028.8,107646.2,107646.2,40.99865,4424611.43988034
2025-06-09 14:45:00,107849.7,107878.8,107696.6,107859.3,36.222723,3903612.0317527
2025-06-09 14:42:00,107818.3,107883.8,107785.4,107849.7,14.708878,1586249.3203217
2025-06-09 14:39:00,107772.4,107869.8,107717.3,107818.3,19.517955,2104080.5585385
2025-06-09 14:36:00,107890.9,107899.9,107744.7,107772.4,35.172438,3792027.92082284
2025-06-09 14:33:00,107761.6,107890.9,107688.1,107890.9,41.106863,4430905.92023239
2025-06-09 14:30:00,107580.3,107826.4,107580.2,107761.6,43.7899,4717558.95423543
2025-06-09 14:27:00,107565.5,107655.8,107557.9,107580.3,35.025801,3769239.3671503
2025-06-09 14:24:00,107628.7,107697.5,107561.0,107565.5,36.831082,3963814.22753493
2025-06-09 14:21:00,107505.8,107655.2,107491.1,107628.7,32.749672,3523640.01312764
2025-06-09 14:18:00,107442.8,107505.9,107378.9,107505.8,26.046167,2798777.58148299
2025-06-09 14:15:00,107425.2,107471.1,107350.0,107442.8,18.718077,2010511.1517851
2025-06-09 14:12:00,107288.2,107485.7,107288.2,107425.2,41.796956,4489951.26149396
2025-06-09 14:09:00,107277.5,107314.9,107238.1,107288.2,29.701526,3186472.00656676
2025-06-09 14:06:00,107275.2,107277.5,107135.4,107277.5,28.349875,3039134.3181362
2025-06-09 14:03:00,107220.1,107287.3,107201.1,107275.2,23.825373,2555430.7409742
2025-06-09 14:00:00,107023.6,107277.7,107023.6,107220.1,64.04168,6863905.62131538
2025-06-09 13:57:00,106999.8,107128.8,106993.8,107023.6,31.020164,3321463.5178691
2025-06-09 13:54:00,107070.2,107070.2,106871.3,106999.8,60.3918,6460010.7622987
2025-06-09 13:51:00,107201.4,107247.0,107066.4,107070.2,51.591393,5528755.22647409
2025-06-09 13:48:00,107366.9,107374.2,107193.1,107201.4,40.068938,4299330.59033452
2025-06-09 13:45:00,107422.9,107460.9,107262.6,107366.9,33.743144,3622819.6507036
2025-06-09 13:42:00,107399.0,107486.9,107341.2,107422.9,26.337346,2828499.2344055
2025-06-09 13:39:00,107312.1,107490.6,107179.3,107399.0,57.256385,6145841.35347993
